{
	"credit": "Made with Blockbench",
	"ambientocclusion": false,
	"textures": {
		"3": "block/crimson_door_bottom",
		"4": "block/crimson_door_bottom-rh",
		"5": "block/crimson_door-edge",
		"particle": "block/crimson_door_bottom"
	},
	"elements": [
		{
			"name": "inner",
			"from": [0.25, 0.25, 5],
			"to": [2.75, 16, 11],
			"faces": {
				"east": {"uv": [5, 0, 11, 15.75], "texture": "#4"},
				"west": {"uv": [5, 0, 11, 15.75], "texture": "#3"},
				"down": {"uv": [5, 1.5, 11, 4], "rotation": 90, "texture": "#3"}
			}
		},
		{
			"from": [0, 0, 0],
			"to": [3, 16, 5],
			"faces": {
				"north": {"uv": [12.5, 0, 15.5, 16], "texture": "#5"},
				"east": {"uv": [11, 0, 16, 16], "texture": "#4"},
				"south": {"uv": [12.5, 0, 15.5, 16], "texture": "#5"},
				"west": {"uv": [0, 0, 5, 16], "texture": "#3"},
				"down": {"uv": [0.5, 0, 3.5, 5], "texture": "#5"}
			}
		},
		{
			"from": [0, 0, 5.75],
			"to": [3, 16, 10.25],
			"faces": {
				"north": {"uv": [12.5, 0, 15.5, 16], "texture": "#5"},
				"east": {"uv": [5.75, 0, 10.25, 16], "texture": "#4"},
				"south": {"uv": [12.5, 0, 15.5, 16], "texture": "#5"},
				"west": {"uv": [5.75, 0, 10.25, 16], "texture": "#3"},
				"down": {"uv": [0.5, 5.75, 3.5, 10.25], "texture": "#5"}
			}
		},
		{
			"from": [0, 0, 11],
			"to": [3, 16, 16],
			"faces": {
				"north": {"uv": [12.5, 0, 15.5, 16], "texture": "#5"},
				"east": {"uv": [0, 0, 5, 16], "texture": "#4"},
				"south": {"uv": [12.5, 0, 15.5, 16], "texture": "#5"},
				"west": {"uv": [11, 0, 16, 16], "texture": "#3"},
				"down": {"uv": [0.5, 10.75, 3.5, 15.75], "texture": "#5"}
			}
		},
		{
			"from": [-0.5, 5.5, 0.25],
			"to": [3.5, 11, 15.75],
			"faces": {
				"north": {"uv": [12, 5, 16, 10.5], "texture": "#5"},
				"east": {"uv": [0.25, 5, 15.75, 10.5], "texture": "#4"},
				"south": {"uv": [12, 5, 16, 10.5], "texture": "#5"},
				"west": {"uv": [0.25, 5, 15.75, 10.5], "texture": "#3"},
				"up": {"uv": [0.25, 5.5, 15.75, 9.5], "rotation": 90, "texture": "#3"},
				"down": {"uv": [0.25, 5.5, 15.75, 9.5], "rotation": 90, "texture": "#4"}
			}
		}
	]
}