{
	"credit": "Made with Blockbench",
	"ambientocclusion": false,
	"textures": {
		"3": "block/crimson_door-edge",
		"4": "block/crimson_door_top",
		"5": "block/crimson_door_top-rh",
		"particle": "block/crimson_door_top"
	},
	"elements": [
		{
			"name": "inner",
			"from": [0.25, 0, 5],
			"to": [2.75, 15.75, 11],
			"faces": {
				"east": {"uv": [5, 0.25, 11, 16], "texture": "#4"},
				"west": {"uv": [5, 0.25, 11, 16], "texture": "#5", "cullface": "west"},
				"up": {"uv": [5, 1.5, 11, 4], "rotation": 90, "texture": "#5"}
			}
		},
		{
			"from": [0, 0, 0],
			"to": [3, 16, 5],
			"faces": {
				"north": {"uv": [12.5, 0, 15.5, 16], "texture": "#3"},
				"east": {"uv": [11, 0, 16, 16], "texture": "#4"},
				"south": {"uv": [0.5, 0, 3.5, 16], "texture": "#3"},
				"west": {"uv": [0, 0, 5, 16], "texture": "#5", "cullface": "west"},
				"up": {"uv": [0.5, 11, 3.5, 16], "rotation": 180, "texture": "#3"}
			}
		},
		{
			"from": [0, 0, 5.75],
			"to": [3, 16, 10.25],
			"faces": {
				"north": {"uv": [12.5, 0, 15.5, 16], "texture": "#3"},
				"east": {"uv": [5.75, 0, 10.25, 16], "texture": "#4"},
				"south": {"uv": [0.5, 0, 3.5, 16], "texture": "#3"},
				"west": {"uv": [5.75, 0, 10.25, 16], "texture": "#5", "cullface": "west"},
				"up": {"uv": [12.5, 5.75, 15.5, 10.25], "rotation": 180, "texture": "#3"}
			}
		},
		{
			"from": [0, 0, 11],
			"to": [3, 16, 16],
			"faces": {
				"north": {"uv": [12.5, 0, 15.5, 16], "texture": "#3"},
				"east": {"uv": [0, 0, 5, 16], "texture": "#4"},
				"south": {"uv": [0.5, 0, 3.5, 16], "texture": "#3"},
				"west": {"uv": [11, 0, 16, 16], "texture": "#5", "cullface": "west"},
				"up": {"uv": [12.5, 0, 15.5, 5], "rotation": 180, "texture": "#3"}
			}
		},
		{
			"from": [-0.5, 5.5, 0.25],
			"to": [3.5, 11, 15.75],
			"faces": {
				"north": {"uv": [12, 5, 16, 10.5], "texture": "#3"},
				"east": {"uv": [0.25, 5, 15.75, 10.5], "texture": "#4"},
				"south": {"uv": [0, 5, 4, 10.5], "texture": "#3"},
				"west": {"uv": [0.25, 5, 15.75, 10.5], "texture": "#5", "cullface": "west"},
				"up": {"uv": [0.25, 5.75, 15.75, 9.75], "rotation": 90, "texture": "#5"},
				"down": {"uv": [0.25, 5.75, 15.75, 9.75], "rotation": 270, "texture": "#5"}
			}
		},
		{
			"name": "handle",
			"from": [-1, 0, 1.5],
			"to": [4, 2, 5.5],
			"rotation": {"angle": 0, "axis": "y", "origin": [8, 10, 8]},
			"faces": {
				"north": {"uv": [1.5, 14, 5.5, 16], "texture": "#5"},
				"east": {"uv": [10.5, 14, 14.5, 16], "texture": "#4"},
				"south": {"uv": [1.5, 14, 5.5, 16], "texture": "#5"},
				"west": {"uv": [1.5, 14, 5.5, 16], "texture": "#5"},
				"up": {"uv": [1.5, 14, 5.5, 16], "texture": "#5"},
				"down": {"uv": [1.5, 14, 5.5, 16], "texture": "#5"}
			}
		}
	]
}