{
	"credit": "Made with Blockbench",
	"textures": {
		"0": "block/jungle_trapdoor",
		"1": "block/jungle_trapdoor-edge",
		"particle": "block/jungle_trapdoor"
	},
	"elements": [
		{
			"from": [0, 13, 0],
			"to": [16, 16, 16],
			"faces": {
				"north": {"uv": [0, 0, 16, 3], "texture": "#1"},
				"east": {"uv": [0, 0, 16, 3], "texture": "#1"},
				"south": {"uv": [16, 0, 0, 3], "texture": "#1"},
				"west": {"uv": [0, 0, 16, 3], "texture": "#1"},
				"up": {"uv": [0, 0, 16, 16], "rotation": 180, "texture": "#0"},
				"down": {"uv": [0, 16, 16, 0], "rotation": 180, "texture": "#0"}
			}
		},
		{
			"from": [3, 13, 7],
			"to": [13, 16, 9],
			"faces": {
				"north": {"uv": [0, 0, 16, 3], "texture": "#1"},
				"south": {"uv": [13, 0, 3, 3], "texture": "#1"}
			}
		},
		{
			"from": [5, 13, 13],
			"to": [11, 16, 14],
			"faces": {
				"north": {"uv": [0, 0, 16, 3], "texture": "#1"}
			}
		},
		{
			"from": [5, 13, 3.25],
			"to": [11, 16, 4.25],
			"faces": {
				"south": {"uv": [12, 0, 4, 3], "texture": "#1"}
			}
		},
		{
			"from": [9, 13, 4],
			"to": [10, 16, 13],
			"faces": {
				"north": {"uv": [0, 0, 1, 2], "texture": "#1"},
				"east": {"uv": [4, 0, 12, 3], "texture": "#1"},
				"south": {"uv": [0, 0, 1, 2], "texture": "#1"},
				"west": {"uv": [4, 0, 12.75, 3], "texture": "#1"}
			}
		},
		{
			"from": [6, 13, 4],
			"to": [7, 16, 13],
			"faces": {
				"north": {"uv": [0, 0, 1, 2], "texture": "#1"},
				"east": {"uv": [4, 0, 12, 3], "texture": "#1"},
				"south": {"uv": [0, 0, 1, 2], "texture": "#1"},
				"west": {"uv": [4, 0, 12.75, 3], "texture": "#1"}
			}
		},
		{
			"from": [2, 13, 9],
			"to": [3, 16, 10],
			"faces": {
				"east": {"uv": [5.5, 0, 6.5, 3], "texture": "#1"}
			}
		},
		{
			"from": [2.25, 13, 9.75],
			"to": [3.25, 16, 10.75],
			"faces": {
				"north": {"uv": [5.25, 0, 6.25, 3], "texture": "#1"},
				"east": {"uv": [5.5, 0, 6.5, 3], "texture": "#1"}
			}
		},
		{
			"from": [2.5, 13, 10.75],
			"to": [3.5, 16, 11.75],
			"faces": {
				"north": {"uv": [5.25, 0, 6.25, 3], "texture": "#1"},
				"east": {"uv": [5.5, 0, 6.5, 3], "texture": "#1"}
			}
		},
		{
			"from": [2.75, 13, 11.5],
			"to": [3.75, 16, 12.5],
			"faces": {
				"north": {"uv": [5.25, 0, 6.25, 3], "texture": "#1"},
				"east": {"uv": [5.5, 0, 6.5, 3], "texture": "#1"}
			}
		},
		{
			"from": [3, 13, 12],
			"to": [4, 16, 13],
			"faces": {
				"north": {"uv": [5.25, 0, 6.25, 3], "texture": "#1"},
				"east": {"uv": [5.5, 0, 6.5, 3], "texture": "#1"}
			}
		},
		{
			"from": [3.25, 13, 12.25],
			"to": [4.25, 16, 13.25],
			"faces": {
				"north": {"uv": [5.25, 0, 6.25, 3], "texture": "#1"},
				"east": {"uv": [5.5, 0, 6.5, 3], "texture": "#1"}
			}
		},
		{
			"from": [3.75, 13, 12.5],
			"to": [4.75, 16, 13.5],
			"faces": {
				"north": {"uv": [5.25, 0, 6.25, 3], "texture": "#1"},
				"east": {"uv": [5.5, 0, 6.5, 3], "texture": "#1"}
			}
		},
		{
			"from": [4.5, 13, 12.75],
			"to": [5.5, 16, 13.75],
			"faces": {
				"north": {"uv": [5.25, 0, 6.25, 3], "texture": "#1"},
				"east": {"uv": [5.5, 0, 6.5, 3], "texture": "#1"}
			}
		},
		{
			"from": [13, 13, 9],
			"to": [14, 16, 10],
			"faces": {
				"west": {"uv": [5.5, 0, 6.5, 3], "texture": "#1"}
			}
		},
		{
			"from": [12.75, 13, 9.75],
			"to": [13.75, 16, 10.75],
			"faces": {
				"north": {"uv": [5.5, 0, 6.5, 3], "texture": "#1"},
				"west": {"uv": [5.25, 0, 6.25, 3], "texture": "#1"}
			}
		},
		{
			"from": [12.5, 13, 10.75],
			"to": [13.5, 16, 11.75],
			"faces": {
				"north": {"uv": [5.5, 0, 6.5, 3], "texture": "#1"},
				"west": {"uv": [5.25, 0, 6.25, 3], "texture": "#1"}
			}
		},
		{
			"from": [12.25, 13, 11.5],
			"to": [13.25, 16, 12.5],
			"faces": {
				"north": {"uv": [5.5, 0, 6.5, 3], "texture": "#1"},
				"west": {"uv": [5.25, 0, 6.25, 3], "texture": "#1"}
			}
		},
		{
			"from": [12, 13, 12],
			"to": [13, 16, 13],
			"faces": {
				"north": {"uv": [5.5, 0, 6.5, 3], "texture": "#1"},
				"west": {"uv": [5.25, 0, 6.25, 3], "texture": "#1"}
			}
		},
		{
			"from": [11.75, 13, 12.25],
			"to": [12.75, 16, 13.25],
			"faces": {
				"north": {"uv": [5.5, 0, 6.5, 3], "texture": "#1"},
				"west": {"uv": [5.25, 0, 6.25, 3], "texture": "#1"}
			}
		},
		{
			"from": [11.25, 13, 12.5],
			"to": [12.25, 16, 13.5],
			"faces": {
				"north": {"uv": [5.5, 0, 6.5, 3], "texture": "#1"},
				"west": {"uv": [5.25, 0, 6.25, 3], "texture": "#1"}
			}
		},
		{
			"from": [10.5, 13, 12.75],
			"to": [11.5, 16, 13.75],
			"faces": {
				"north": {"uv": [5.25, 0, 6.25, 3], "rotation": 180, "texture": "#1"},
				"west": {"uv": [5.5, 0, 6.5, 3], "rotation": 180, "texture": "#1"}
			}
		},
		{
			"from": [4.75, 13, 3.5],
			"to": [5.75, 16, 4.5],
			"faces": {
				"east": {"uv": [5.25, 0, 6.25, 3], "texture": "#1"},
				"south": {"uv": [5, 0, 6, 3], "texture": "#1"}
			}
		},
		{
			"from": [4.25, 13, 3.75],
			"to": [5.25, 16, 4.75],
			"faces": {
				"east": {"uv": [5.25, 0, 6.25, 3], "texture": "#1"},
				"south": {"uv": [5, 0, 6, 3], "texture": "#1"}
			}
		},
		{
			"from": [4, 13, 4],
			"to": [5, 16, 5],
			"faces": {
				"east": {"uv": [5.25, 0, 6.25, 3], "texture": "#1"},
				"south": {"uv": [5, 0, 6, 3], "texture": "#1"}
			}
		},
		{
			"from": [3.75, 13, 4.25],
			"to": [4.75, 16, 5.25],
			"faces": {
				"east": {"uv": [5.25, 0, 6.25, 3], "texture": "#1"},
				"south": {"uv": [5, 0, 6, 3], "texture": "#1"}
			}
		},
		{
			"from": [3.5, 13, 4.75],
			"to": [4.5, 16, 5.75],
			"faces": {
				"east": {"uv": [5.25, 0, 6.25, 3], "texture": "#1"},
				"south": {"uv": [5, 0, 6, 3], "texture": "#1"}
			}
		},
		{
			"from": [3.25, 13, 5.5],
			"to": [4.25, 16, 6.5],
			"faces": {
				"east": {"uv": [5.25, 0, 6.25, 3], "texture": "#1"},
				"south": {"uv": [5, 0, 6, 3], "texture": "#1"}
			}
		},
		{
			"from": [3, 13, 6],
			"to": [4, 16, 7],
			"faces": {
				"east": {"uv": [5.25, 0, 6.25, 3], "texture": "#1"},
				"south": {"uv": [5, 0, 6, 3], "texture": "#1"}
			}
		},
		{
			"from": [10.25, 13, 3.5],
			"to": [11.25, 16, 4.5],
			"faces": {
				"south": {"uv": [5.25, 0, 6.25, 3], "texture": "#1"},
				"west": {"uv": [5, 0, 6, 3], "texture": "#1"}
			}
		},
		{
			"from": [10.75, 13, 3.75],
			"to": [11.75, 16, 4.75],
			"faces": {
				"south": {"uv": [5.25, 0, 6.25, 3], "texture": "#1"},
				"west": {"uv": [5, 0, 6, 3], "texture": "#1"}
			}
		},
		{
			"from": [11, 13, 4],
			"to": [12, 16, 5],
			"faces": {
				"south": {"uv": [5.25, 0, 6.25, 3], "texture": "#1"},
				"west": {"uv": [5, 0, 6, 3], "texture": "#1"}
			}
		},
		{
			"from": [11.25, 13, 4.25],
			"to": [12.25, 16, 5.25],
			"faces": {
				"south": {"uv": [5.25, 0, 6.25, 3], "texture": "#1"},
				"west": {"uv": [5, 0, 6, 3], "texture": "#1"}
			}
		},
		{
			"from": [11.5, 13, 4.75],
			"to": [12.5, 16, 5.75],
			"faces": {
				"south": {"uv": [5.25, 0, 6.25, 3], "texture": "#1"},
				"west": {"uv": [5, 0, 6, 3], "texture": "#1"}
			}
		},
		{
			"from": [11.75, 13, 5.5],
			"to": [12.75, 16, 6.5],
			"faces": {
				"south": {"uv": [5.25, 0, 6.25, 3], "texture": "#1"},
				"west": {"uv": [5, 0, 6, 3], "texture": "#1"}
			}
		},
		{
			"from": [12, 13, 6],
			"to": [13, 16, 7],
			"faces": {
				"south": {"uv": [5.25, 0, 6.25, 3], "texture": "#1"},
				"west": {"uv": [5, 0, 6, 3], "texture": "#1"}
			}
		},
		{
			"name": "handle_top",
			"from": [5, 16, 1],
			"to": [11, 16.5, 1.5],
			"faces": {
				"north": {"uv": [5, 14.5, 11, 15], "texture": "#0"},
				"east": {"uv": [5, 14.5, 5.5, 15], "texture": "#0"},
				"south": {"uv": [11, 14.5, 5, 15], "texture": "#0"},
				"west": {"uv": [10.5, 14.5, 11, 15], "texture": "#0"},
				"up": {"uv": [5, 14.5, 11, 15], "rotation": 180, "texture": "#0"},
				"down": {"uv": [0, 0, 6, 0.5], "rotation": 180, "texture": "#0"}
			}
		},
		{
			"name": "handle_bottom",
			"from": [5, 12.5, 1],
			"to": [11, 13, 1.5],
			"faces": {
				"north": {"uv": [11, 14.5, 5, 15], "rotation": 180, "texture": "#0"},
				"east": {"uv": [5, 14.5, 5.5, 15], "rotation": 180, "texture": "#0"},
				"south": {"uv": [5, 14.5, 11, 15], "rotation": 180, "texture": "#0"},
				"west": {"uv": [10.5, 14.5, 11, 15], "rotation": 180, "texture": "#0"},
				"up": {"uv": [0, 0, 6, 0.5], "rotation": 180, "texture": "#0"},
				"down": {"uv": [5, 14.5, 11, 15], "rotation": 180, "texture": "#0"}
			}
		}
	],
	"display": {},
	"groups": [0, 1, 2, 3, 4, 5,
		{
			"name": "sw curve",
			"children": [6, 7, 8, 9, 10, 11, 12, 13]
		},
		{
			"name": "se curve",
			"children": [14, 15, 16, 17, 18, 19, 20, 21]
		},
		{
			"name": "nw curve",
			"children": [22, 23, 24, 25, 26, 27, 28]
		},
		{
			"name": "ne curve",
			"children": [29, 30, 31, 32, 33, 34, 35]
		}, 36, 37]
}