{
    "__createdwith": "opl's Model Creator",
    "ambientocclusion": false,
    "textures": {
        "texture": "block/rail",
		"particle": "block/rail"
    },
    "elements": [
        {
            "from": [12,0,0],
            "to": [14,1.5,16],
            "faces": {
                "up": {
                    "texture": "#texture"
                },
                "west": {
                    "uv": [3.75,0.25,4,15.75],
                    "texture": "#texture"
                },
                "east": {
                    "uv": [2,0,2.25,16],
                    "texture": "#texture"
                },
                "north": {
                    "uv": [12.25,14.625,13.75,16],
                    "texture": "#texture"
                },
                "south": {
                    "uv": [12.25,14.5,13.75,16],
                    "texture": "#texture"
                }
            }
        },
        {
            "from": [2,0,0],
            "to": [4,1.5,16],
            "faces": {
                "up": {
                    "texture": "#texture"
                },
                "west": {
                    "uv": [2,0,2.25,16],
                    "texture": "#texture"
                },
                "east": {
                    "uv": [3.75,0.25,4,15.75],
                    "texture": "#texture"
                },
                "north": {
                    "uv": [12.25,14.625,13.75,16],
                    "texture": "#texture"
                },
                "south": {
                    "uv": [12.25,14.5,13.75,16],
                    "texture": "#texture"
                }
            }
        },
        {
            "from": [4,0,1],
            "to": [12,1,3],
            "faces": {
                "up": {
                    "texture": "#texture"
                },
                "west": {
                    "uv": [4,13,5,15],
                    "texture": "#texture"
                },
                "east": {
                    "uv": [4,13,5,15],
                    "texture": "#texture"
                },
                "north": {
                    "uv": [4,14,12,15],
                    "texture": "#texture"
                },
                "south": {
                    "uv": [4,13,12,14],
                    "texture": "#texture"
                }
            }
        },
        {
            "from": [4,0,5],
            "to": [12,1,7],
            "faces": {
                "up": {
                    "uv": [4,1,12,3],
                    "texture": "#texture"
                },
                "west": {
                    "uv": [4,13,5,15],
                    "texture": "#texture"
                },
                "east": {
                    "uv": [4,13,5,15],
                    "texture": "#texture"
                },
                "north": {
                    "uv": [4,14,12,15],
                    "texture": "#texture"
                },
                "south": {
                    "uv": [4,13,12,14],
                    "texture": "#texture"
                }
            }
        },
        {
            "from": [4,0,9],
            "to": [12,1,11],
            "faces": {
                "up": {
                    "uv": [4,1,12,3],
                    "texture": "#texture"
                },
                "west": {
                    "uv": [4,13,5,15],
                    "texture": "#texture"
                },
                "east": {
                    "uv": [4,13,5,15],
                    "texture": "#texture"
                },
                "north": {
                    "uv": [4,14,12,15],
                    "texture": "#texture"
                },
                "south": {
                    "uv": [4,13,12,14],
                    "texture": "#texture"
                }
            }
        },
        {
            "from": [4,0,13],
            "to": [12,1,15],
            "faces": {
                "up": {
                    "uv": [4,1,12,3],
                    "texture": "#texture"
                },
                "west": {
                    "uv": [4,13,5,15],
                    "texture": "#texture"
                },
                "east": {
                    "uv": [4,13,5,15],
                    "texture": "#texture"
                },
                "north": {
                    "uv": [4,14,12,15],
                    "texture": "#texture"
                },
                "south": {
                    "uv": [4,13,12,14],
                    "texture": "#texture"
                }
            }
        },
        {
            "from": [1,0,1],
            "to": [2,1,3],
            "faces": {
                "up": {
                    "texture": "#texture"
                },
                "west": {
                    "uv": [7,13,8,15],
                    "texture": "#texture"
                },
                "north": {
                    "uv": [6.5,13,7.5,14],
                    "texture": "#texture"
                },
                "south": {
                    "uv": [6.75,14,7.75,15],
                    "texture": "#texture"
                }
            }
        },
        {
            "from": [14,0,1],
            "to": [15,1,3],
            "faces": {
                "up": {
                    "uv": [1,1,2,3],
                    "texture": "#texture"
                },
                "east": {
                    "uv": [8.5,5,9.5,7],
                    "texture": "#texture"
                },
                "north": {
                    "uv": [8.5,13,9.5,14],
                    "texture": "#texture"
                },
                "south": {
                    "uv": [8.75,14,9.75,15],
                    "texture": "#texture"
                }
            }
        },
        {
            "from": [1,0,5],
            "to": [2,1,7],
            "faces": {
                "up": {
                    "texture": "#texture"
                },
                "west": {
                    "uv": [7,13,8,15],
                    "texture": "#texture"
                },
                "north": {
                    "uv": [6.5,13,7.5,14],
                    "texture": "#texture"
                },
                "south": {
                    "uv": [6.75,14,7.75,15],
                    "texture": "#texture"
                }
            }
        },
        {
            "from": [1,0,9],
            "to": [2,1,11],
            "faces": {
                "up": {
                    "texture": "#texture"
                },
                "west": {
                    "uv": [7,13,8,15],
                    "texture": "#texture"
                },
                "north": {
                    "uv": [6.5,13,7.5,14],
                    "texture": "#texture"
                },
                "south": {
                    "uv": [6.75,14,7.75,15],
                    "texture": "#texture"
                }
            }
        },
        {
            "from": [1,0,13],
            "to": [2,1,15],
            "faces": {
                "up": {
                    "texture": "#texture"
                },
                "west": {
                    "uv": [7,13,8,15],
                    "texture": "#texture"
                },
                "north": {
                    "uv": [6.5,13,7.5,14],
                    "texture": "#texture"
                },
                "south": {
                    "uv": [6.75,14,7.75,15],
                    "texture": "#texture"
                }
            }
        },
        {
            "from": [14,0,5],
            "to": [15,1,7],
            "faces": {
                "up": {
                    "uv": [1,1,2,3],
                    "texture": "#texture"
                },
                "east": {
                    "uv": [8.5,5,9.5,7],
                    "texture": "#texture"
                },
                "north": {
                    "uv": [8.5,13,9.5,14],
                    "texture": "#texture"
                },
                "south": {
                    "uv": [8.75,14,9.75,15],
                    "texture": "#texture"
                }
            }
        },
        {
            "from": [14,0,9],
            "to": [15,1,11],
            "faces": {
                "up": {
                    "uv": [1,1,2,3],
                    "texture": "#texture"
                },
                "east": {
                    "uv": [8.5,5,9.5,7],
                    "texture": "#texture"
                },
                "north": {
                    "uv": [8.5,13,9.5,14],
                    "texture": "#texture"
                },
                "south": {
                    "uv": [8.75,14,9.75,15],
                    "texture": "#texture"
                }
            }
        },
        {
            "from": [14,0,13],
            "to": [15,1,15],
            "faces": {
                "up": {
                    "uv": [1,1,2,3],
                    "texture": "#texture"
                },
                "east": {
                    "uv": [8.5,5,9.5,7],
                    "texture": "#texture"
                },
                "north": {
                    "uv": [8.5,13,9.5,14],
                    "texture": "#texture"
                },
                "south": {
                    "uv": [8.75,14,9.75,15],
                    "texture": "#texture"
                }
            }
        }
    ]
}
