{
	"credit": "Made with Blockbench",
	"ambientocclusion": false,
	"textures": {
		"6": "block/warped_door-edge",
		"7": "block/warped_door_top",
		"8": "block/warped_door_top-rh",
		"particle": "block/warped_door_top"
	},
	"elements": [
		{
			"name": "inner",
			"from": [0.25, 0, 3.75],
			"to": [2.75, 15.75, 12.25],
			"faces": {
				"east": {"uv": [3.75, 0.25, 12.25, 16], "texture": "#8"},
				"west": {"uv": [3.75, 0.25, 12.25, 16], "texture": "#7", "cullface": "west"},
				"up": {"uv": [3.75, 6.75, 12.25, 9.25], "rotation": 90, "texture": "#7"}
			}
		},
		{
			"from": [0, 0, 0],
			"to": [3, 16, 3.75],
			"faces": {
				"north": {"uv": [15.5, 0, 12.5, 16], "texture": "#6"},
				"east": {"uv": [12.25, 0, 16, 16], "texture": "#8"},
				"south": {"uv": [12.5, 0, 15.5, 16], "texture": "#6"},
				"west": {"uv": [0, 0, 3.75, 16], "texture": "#7", "cullface": "west"},
				"up": {"uv": [0.5, 12.25, 3.5, 16], "rotation": 180, "texture": "#6"}
			}
		},
		{
			"from": [0, 0, 4.25],
			"to": [3, 16, 7.75],
			"faces": {
				"north": {"uv": [15.5, 0, 12.5, 16], "texture": "#6"},
				"east": {"uv": [8.25, 0, 11.75, 16], "texture": "#8"},
				"south": {"uv": [12.5, 0, 15.5, 16], "texture": "#6"},
				"west": {"uv": [4.25, 0, 7.75, 16], "texture": "#7", "cullface": "west"},
				"up": {"uv": [0.5, 8.25, 3.5, 11.75], "rotation": 180, "texture": "#6"}
			}
		},
		{
			"from": [0, 0, 8.25],
			"to": [3, 16, 11.75],
			"faces": {
				"north": {"uv": [15.5, 0, 12.5, 16], "texture": "#6"},
				"east": {"uv": [4.25, 0, 7.75, 16], "texture": "#8"},
				"south": {"uv": [12.5, 0, 15.5, 16], "texture": "#6"},
				"west": {"uv": [8.25, 0, 11.75, 16], "texture": "#7", "cullface": "west"},
				"up": {"uv": [8.5, 6.75, 11.5, 10.25], "rotation": 180, "texture": "#6"}
			}
		},
		{
			"from": [0, 0, 12.25],
			"to": [3, 16, 16],
			"faces": {
				"north": {"uv": [15.5, 0, 12.5, 16], "texture": "#6"},
				"east": {"uv": [0, 0, 3.75, 16], "texture": "#8"},
				"south": {"uv": [12.5, 0, 15.5, 16], "texture": "#6"},
				"west": {"uv": [12.25, 0, 16, 16], "texture": "#7", "cullface": "west"},
				"up": {"uv": [12.5, 0, 15.5, 4], "rotation": 180, "texture": "#6"}
			}
		},
		{
			"from": [-1, 0, 10.5],
			"to": [4, 2, 14.5],
			"rotation": {"angle": 0, "axis": "y", "origin": [13, 8, 18]},
			"faces": {
				"north": {"uv": [10.5, 14, 14.5, 16], "texture": "#7"},
				"east": {"uv": [1.5, 14, 5.5, 16], "texture": "#8"},
				"south": {"uv": [10.5, 14, 14.5, 16], "texture": "#7"},
				"west": {"uv": [10.5, 14, 14.5, 16], "texture": "#7"},
				"up": {"uv": [10.5, 14, 14.5, 16], "texture": "#7"},
				"down": {"uv": [10.5, 14, 14.5, 16], "texture": "#7"}
			}
		}
	],
	"groups": [0, 1, 2, 3, 4,
		{
			"name": "handle",
			"origin": [8, 8, 8],
			"children": [5]
		}
	]
}