{
	"credit": "Made with Blockbench",
	"ambientocclusion": false,
	"textures": {
		"6": "block/warped_door-edge",
		"7": "block/warped_door_top",
		"8": "block/warped_door_top-rh",
		"particle": "block/warped_door_top"
	},
	"elements": [
		{
			"name": "inner",
			"from": [0.25, 0, 3.75],
			"to": [2.75, 15.75, 12.25],
			"faces": {
				"east": {"uv": [3.75, 0.25, 12.25, 16], "texture": "#7"},
				"west": {"uv": [3.75, 0.25, 12.25, 16], "texture": "#8", "cullface": "west"},
				"up": {"uv": [3.75, 6.5, 12.25, 9], "rotation": 90, "texture": "#8"}
			}
		},
		{
			"from": [0, 0, 0],
			"to": [3, 16, 3.75],
			"faces": {
				"north": {"uv": [12.5, 0, 15.5, 16], "texture": "#6"},
				"east": {"uv": [12.25, 0, 16, 16], "texture": "#7"},
				"south": {"uv": [0.5, 0, 3.5, 16], "texture": "#6"},
				"west": {"uv": [0, 0, 3.75, 16], "texture": "#8", "cullface": "west"},
				"up": {"uv": [0.5, 0, 3.5, 3.75], "rotation": 90, "texture": "#6"}
			}
		},
		{
			"from": [0, 0, 4.25],
			"to": [3, 16, 7.75],
			"faces": {
				"north": {"uv": [12.5, 0, 15.5, 16], "texture": "#6"},
				"east": {"uv": [8.25, 0, 11.75, 16], "texture": "#7"},
				"south": {"uv": [0.5, 0, 3.5, 16], "texture": "#6"},
				"west": {"uv": [4.25, 0, 7.75, 16], "texture": "#8", "cullface": "west"},
				"up": {"uv": [12.5, 3.75, 15.5, 7.25], "texture": "#6"}
			}
		},
		{
			"from": [0, 0, 8.25],
			"to": [3, 16, 11.75],
			"faces": {
				"north": {"uv": [12.5, 0, 15.5, 16], "texture": "#6"},
				"east": {"uv": [4.25, 0, 7.75, 16], "texture": "#7"},
				"south": {"uv": [0.5, 0, 3.5, 16], "texture": "#6"},
				"west": {"uv": [8.25, 0, 11.75, 16], "texture": "#8", "cullface": "west"},
				"up": {"uv": [12.5, 8, 15.5, 11.5], "texture": "#6"}
			}
		},
		{
			"from": [0, 0, 12.25],
			"to": [3, 16, 16],
			"faces": {
				"north": {"uv": [12.5, 0, 15.5, 16], "texture": "#6"},
				"east": {"uv": [0, 0, 3.75, 16], "texture": "#7"},
				"south": {"uv": [0.5, 0, 3.5, 16], "texture": "#6"},
				"west": {"uv": [12.25, 0, 16, 16], "texture": "#8", "cullface": "west"},
				"up": {"uv": [12.5, 12.25, 15.5, 16], "texture": "#6"}
			}
		},
		{
			"name": "handle",
			"from": [-1, 0, 1.5],
			"to": [4, 2, 5.5],
			"rotation": {"angle": 0, "axis": "y", "origin": [8, 10, 8]},
			"faces": {
				"north": {"uv": [1.5, 14, 5.5, 16], "texture": "#8"},
				"east": {"uv": [10.5, 14, 14.5, 16], "texture": "#7"},
				"south": {"uv": [1.5, 14, 5.5, 16], "texture": "#8"},
				"west": {"uv": [1.5, 14, 5.5, 16], "texture": "#8"},
				"up": {"uv": [1.5, 14, 5.5, 16], "texture": "#8"},
				"down": {"uv": [1.5, 14, 5.5, 16], "texture": "#8"}
			}
		}
	]
}