{
	"credit": "Made with Blockbench",
	"ambientocclusion": false,
	"textures": {
		"particle": "block/activator_rail",
		"texture": "block/activator_rail"
	},
	"elements": [
		{
			"from": [12, 0, 0],
			"to": [14, 1.5, 16],
			"faces": {
				"north": {"uv": [2, 14.5, 4, 16], "texture": "#texture"},
				"east": {"uv": [0, 14.5, 16, 16], "texture": "#texture"},
				"south": {"uv": [12, 14.5, 14, 16], "texture": "#texture"},
				"west": {"uv": [0, 14.5, 16, 16], "texture": "#texture"},
				"up": {"uv": [12, 0, 14, 16], "texture": "#texture"}
			}
		},
		{
			"from": [2, 0, 0],
			"to": [4, 1.5, 16],
			"faces": {
				"north": {"uv": [12.25, 14.625, 13.75, 16], "texture": "#texture"},
				"east": {"uv": [3.75, 0.25, 4, 15.75], "texture": "#texture"},
				"south": {"uv": [12.25, 14.5, 13.75, 16], "texture": "#texture"},
				"west": {"uv": [2, 0, 2.25, 16], "texture": "#texture"},
				"up": {"uv": [2, 0, 4, 16], "texture": "#texture"},
				"down": {"uv": [2, 0, 4, 16], "texture": "#texture"}
			}
		},
		{
			"from": [4, 0, 1],
			"to": [12, 1, 3],
			"faces": {
				"north": {"uv": [4, 14, 12, 15], "texture": "#texture"},
				"east": {"uv": [4, 13, 5, 15], "texture": "#texture"},
				"south": {"uv": [4, 13, 12, 14], "texture": "#texture"},
				"west": {"uv": [4, 13, 5, 15], "texture": "#texture"},
				"up": {"uv": [4, 1, 12, 3], "texture": "#texture"},
				"down": {"uv": [4, 13, 12, 15], "texture": "#texture"}
			}
		},
		{
			"from": [4, 0, 5],
			"to": [12, 1, 7],
			"faces": {
				"north": {"uv": [4, 14, 12, 15], "texture": "#texture"},
				"east": {"uv": [4, 13, 5, 15], "texture": "#texture"},
				"south": {"uv": [4, 13, 12, 14], "texture": "#texture"},
				"west": {"uv": [4, 13, 5, 15], "texture": "#texture"},
				"up": {"uv": [4, 1, 12, 3], "texture": "#texture"},
				"down": {"uv": [4, 9, 12, 11], "texture": "#texture"}
			}
		},
		{
			"from": [4, 0, 9],
			"to": [12, 1, 11],
			"faces": {
				"north": {"uv": [4, 14, 12, 15], "texture": "#texture"},
				"east": {"uv": [4, 13, 5, 15], "texture": "#texture"},
				"south": {"uv": [4, 13, 12, 14], "texture": "#texture"},
				"west": {"uv": [4, 13, 5, 15], "texture": "#texture"},
				"up": {"uv": [4, 1, 12, 3], "texture": "#texture"},
				"down": {"uv": [4, 5, 12, 7], "texture": "#texture"}
			}
		},
		{
			"from": [4, 0, 13],
			"to": [12, 1, 15],
			"faces": {
				"north": {"uv": [4, 14, 12, 15], "texture": "#texture"},
				"east": {"uv": [4, 13, 5, 15], "texture": "#texture"},
				"south": {"uv": [4, 13, 12, 14], "texture": "#texture"},
				"west": {"uv": [4, 13, 5, 15], "texture": "#texture"},
				"up": {"uv": [4, 1, 12, 3], "texture": "#texture"},
				"down": {"uv": [4, 1, 12, 3], "texture": "#texture"}
			}
		},
		{
			"from": [1, 0, 1],
			"to": [2, 1, 3],
			"faces": {
				"north": {"uv": [6.5, 13, 7.5, 14], "texture": "#texture"},
				"south": {"uv": [6.75, 14, 7.75, 15], "texture": "#texture"},
				"west": {"uv": [7, 13, 8, 15], "texture": "#texture"},
				"up": {"uv": [1, 1, 2, 3], "texture": "#texture"},
				"down": {"uv": [1, 13, 2, 15], "texture": "#texture"}
			}
		},
		{
			"from": [14, 0, 1],
			"to": [15, 1, 3],
			"faces": {
				"north": {"uv": [8.5, 13, 9.5, 14], "texture": "#texture"},
				"east": {"uv": [8.5, 5, 9.5, 7], "texture": "#texture"},
				"south": {"uv": [8.75, 14, 9.75, 15], "texture": "#texture"},
				"up": {"uv": [1, 1, 2, 3], "texture": "#texture"},
				"down": {"uv": [14, 13, 15, 15], "texture": "#texture"}
			}
		},
		{
			"from": [1, 0, 5],
			"to": [2, 1, 7],
			"faces": {
				"north": {"uv": [6.5, 13, 7.5, 14], "texture": "#texture"},
				"south": {"uv": [6.75, 14, 7.75, 15], "texture": "#texture"},
				"west": {"uv": [7, 13, 8, 15], "texture": "#texture"},
				"up": {"uv": [1, 5, 2, 7], "texture": "#texture"},
				"down": {"uv": [1, 9, 2, 11], "texture": "#texture"}
			}
		},
		{
			"from": [1, 0, 9],
			"to": [2, 1, 11],
			"faces": {
				"north": {"uv": [6.5, 13, 7.5, 14], "texture": "#texture"},
				"south": {"uv": [6.75, 14, 7.75, 15], "texture": "#texture"},
				"west": {"uv": [7, 13, 8, 15], "texture": "#texture"},
				"up": {"uv": [1, 9, 2, 11], "texture": "#texture"},
				"down": {"uv": [1, 5, 2, 7], "texture": "#texture"}
			}
		},
		{
			"from": [1, 0, 13],
			"to": [2, 1, 15],
			"faces": {
				"north": {"uv": [6.5, 13, 7.5, 14], "texture": "#texture"},
				"south": {"uv": [6.75, 14, 7.75, 15], "texture": "#texture"},
				"west": {"uv": [7, 13, 8, 15], "texture": "#texture"},
				"up": {"uv": [1, 13, 2, 15], "texture": "#texture"},
				"down": {"uv": [1, 1, 2, 3], "texture": "#texture"}
			}
		},
		{
			"from": [14, 0, 5],
			"to": [15, 1, 7],
			"faces": {
				"north": {"uv": [8.5, 13, 9.5, 14], "texture": "#texture"},
				"east": {"uv": [8.5, 5, 9.5, 7], "texture": "#texture"},
				"south": {"uv": [8.75, 14, 9.75, 15], "texture": "#texture"},
				"up": {"uv": [1, 1, 2, 3], "texture": "#texture"},
				"down": {"uv": [14, 9, 15, 11], "texture": "#texture"}
			}
		},
		{
			"from": [14, 0, 9],
			"to": [15, 1, 11],
			"faces": {
				"north": {"uv": [8.5, 13, 9.5, 14], "texture": "#texture"},
				"east": {"uv": [8.5, 5, 9.5, 7], "texture": "#texture"},
				"south": {"uv": [8.75, 14, 9.75, 15], "texture": "#texture"},
				"up": {"uv": [1, 1, 2, 3], "texture": "#texture"},
				"down": {"uv": [14, 5, 15, 7], "texture": "#texture"}
			}
		},
		{
			"from": [14, 0, 13],
			"to": [15, 1, 15],
			"faces": {
				"north": {"uv": [8.5, 13, 9.5, 14], "texture": "#texture"},
				"east": {"uv": [8.5, 5, 9.5, 7], "texture": "#texture"},
				"south": {"uv": [8.75, 14, 9.75, 15], "texture": "#texture"},
				"up": {"uv": [1, 1, 2, 3], "texture": "#texture"},
				"down": {"uv": [14, 1, 15, 3], "texture": "#texture"}
			}
		},
		{
			"from": [7, 0, 3],
			"to": [9, 0.5, 5],
			"faces": {
				"east": {"uv": [7, 11, 9, 11.5], "texture": "#texture"},
				"west": {"uv": [7, 12.5, 9, 13], "texture": "#texture"},
				"up": {"uv": [7, 3, 9, 5], "texture": "#texture"},
				"down": {"uv": [7, 11, 9, 13], "texture": "#texture"}
			}
		},
		{
			"from": [7, 0, 7],
			"to": [9, 0.5, 9],
			"faces": {
				"east": {"uv": [7, 11, 9, 11.5], "texture": "#texture"},
				"west": {"uv": [7, 12.5, 9, 13], "texture": "#texture"},
				"up": {"uv": [7, 7, 9, 9], "texture": "#texture"},
				"down": {"uv": [7, 7, 9, 9], "texture": "#texture"}
			}
		},
		{
			"from": [7, 0, 11],
			"to": [9, 0.5, 13],
			"faces": {
				"east": {"uv": [7, 11, 9, 11.5], "texture": "#texture"},
				"west": {"uv": [7, 12.5, 9, 13], "texture": "#texture"},
				"up": {"uv": [7, 11, 9, 13], "texture": "#texture"}
			}
		},
		{
			"from": [7, 0, 11],
			"to": [9, 0.5, 13],
			"faces": {
				"east": {"uv": [7, 11, 9, 11.5], "texture": "#texture"},
				"west": {"uv": [7, 12.5, 9, 13], "texture": "#texture"},
				"up": {"uv": [7, 11, 9, 13], "texture": "#texture"},
				"down": {"uv": [7, 3, 9, 5], "texture": "#texture"}
			}
		}
	]
}