{
	"credit": "Made with Blockbench",
	"ambientocclusion": false,
	"textures": {
		"0": "block/dark_oak_trapdoor",
		"1": "block/dark_oak_trapdoor-edge",
		"particle": "block/dark_oak_trapdoor"
	},
	"elements": [
		{
			"from": [15, 1, 13],
			"to": [16, 16, 16],
			"faces": {
				"north": {"uv": [0, 15, 15, 16], "rotation": 90, "texture": "#0"},
				"east": {"uv": [1, 0, 16, 3], "rotation": 90, "texture": "#1"},
				"south": {"uv": [0, 0, 15, 1], "rotation": 90, "texture": "#0"},
				"west": {"uv": [0, 0, 15, 1], "rotation": 270, "texture": "#0"},
				"up": {"uv": [0, 0, 1, 3], "rotation": 180, "texture": "#1"},
				"down": {"uv": [0, 0, 1, 3], "rotation": 180, "texture": "#0"}
			}
		},
		{
			"from": [0, 0, 13],
			"to": [1, 15, 16],
			"faces": {
				"north": {"uv": [1, 0, 16, 1], "rotation": 90, "texture": "#0"},
				"east": {"uv": [1, 15, 16, 16], "rotation": 90, "texture": "#0"},
				"south": {"uv": [1, 15, 16, 16], "rotation": 90, "texture": "#0"},
				"west": {"uv": [1, 0, 16, 3], "rotation": 270, "texture": "#1"},
				"up": {"uv": [0, 0, 1, 3], "rotation": 180, "texture": "#0"},
				"down": {"uv": [0, 0, 1, 3], "rotation": 180, "texture": "#1"}
			}
		},
		{
			"from": [0, 15, 13],
			"to": [15, 16, 16],
			"faces": {
				"north": {"uv": [0, 0, 1, 15], "rotation": 90, "texture": "#0"},
				"east": {"uv": [0, 0, 1, 3], "rotation": 90, "texture": "#1"},
				"south": {"uv": [0, 1, 1, 16], "rotation": 90, "texture": "#0"},
				"west": {"uv": [0, 0, 1, 3], "rotation": 270, "texture": "#1"},
				"up": {"uv": [1, 0, 16, 3], "rotation": 180, "texture": "#1"},
				"down": {"uv": [0, 1, 1, 16], "rotation": 180, "texture": "#0"}
			}
		},
		{
			"from": [1, 0, 13],
			"to": [16, 1, 16],
			"faces": {
				"north": {"uv": [15, 1, 16, 16], "rotation": 90, "texture": "#0"},
				"east": {"uv": [0, 0, 1, 3], "rotation": 90, "texture": "#1"},
				"south": {"uv": [15, 0.25, 16, 15.25], "rotation": 90, "texture": "#0"},
				"west": {"uv": [0, 0, 1, 3], "rotation": 270, "texture": "#0"},
				"up": {"uv": [15, 0.25, 16, 15.25], "rotation": 180, "texture": "#0"},
				"down": {"uv": [1, 0, 16, 3], "rotation": 180, "texture": "#1"}
			}
		},
		{
			"from": [1, 7, 13],
			"to": [15, 9, 16],
			"faces": {
				"north": {"uv": [7, 1, 9, 15], "rotation": 90, "texture": "#0"},
				"east": {"uv": [0, 0, 2, 3], "rotation": 90, "texture": "#0"},
				"south": {"uv": [7, 1, 9, 15], "rotation": 90, "texture": "#0"},
				"west": {"uv": [0, 0, 2, 3], "rotation": 270, "texture": "#0"},
				"up": {"uv": [7, 1, 9, 15], "rotation": 180, "texture": "#0"},
				"down": {"uv": [7, 1, 9, 15], "rotation": 180, "texture": "#0"}
			}
		},
		{
			"from": [7, 9, 13],
			"to": [9, 15, 16],
			"faces": {
				"north": {"uv": [1, 7, 7, 9], "rotation": 90, "texture": "#0"},
				"east": {"uv": [1, 7, 7, 9], "rotation": 90, "texture": "#0"},
				"south": {"uv": [1, 7, 7, 9], "rotation": 90, "texture": "#0"},
				"west": {"uv": [1, 7, 7, 9], "rotation": 270, "texture": "#0"},
				"up": {"uv": [0, 0, 2, 3], "rotation": 180, "texture": "#0"},
				"down": {"uv": [0, 0, 2, 3], "rotation": 180, "texture": "#0"}
			}
		},
		{
			"from": [7, 1, 13],
			"to": [9, 7, 16],
			"faces": {
				"north": {"uv": [9, 7, 15, 9], "rotation": 90, "texture": "#0"},
				"east": {"uv": [9, 7, 15, 9], "rotation": 90, "texture": "#0"},
				"south": {"uv": [9, 7, 15, 9], "rotation": 90, "texture": "#0"},
				"west": {"uv": [9, 7, 15, 9], "rotation": 270, "texture": "#0"},
				"up": {"uv": [0, 0, 2, 3], "rotation": 180, "texture": "#0"},
				"down": {"uv": [0, 0, 2, 3], "rotation": 180, "texture": "#0"}
			}
		},
		{
			"from": [9.25, 14.75, 14.15],
			"to": [14.75, 15, 15.75],
			"faces": {
				"north": {"uv": [14.75, 1, 15, 14.75], "rotation": 90, "texture": "#0"},
				"east": {"uv": [0, 0, 2, 3], "rotation": 90, "texture": "#0"},
				"south": {"uv": [1, 1.25, 1.25, 6.75], "rotation": 90, "texture": "#0"},
				"west": {"uv": [0, 0, 2, 3], "rotation": 270, "texture": "#0"},
				"up": {"uv": [0, 0, 16, 3], "rotation": 180, "texture": "#0"},
				"down": {"uv": [1, 1.25, 1.25, 6.75], "rotation": 180, "texture": "#0"}
			}
		},
		{
			"from": [9.25, 1, 14.15],
			"to": [14.75, 1.25, 15.75],
			"faces": {
				"north": {"uv": [1.25, 1.25, 1.5, 15], "rotation": 90, "texture": "#0"},
				"east": {"uv": [0, 0, 2, 3], "rotation": 90, "texture": "#0"},
				"south": {"uv": [14.75, 1.25, 15, 6.75], "rotation": 90, "texture": "#0"},
				"west": {"uv": [0, 0, 2, 3], "rotation": 270, "texture": "#0"},
				"up": {"uv": [14.75, 1.25, 15, 6.75], "rotation": 180, "texture": "#0"},
				"down": {"uv": [0, 0, 16, 3], "rotation": 180, "texture": "#0"}
			}
		},
		{
			"from": [9.25, 6.75, 14.15],
			"to": [14.75, 7, 15.75],
			"faces": {
				"north": {"uv": [6.75, 1.5, 7, 15], "rotation": 90, "texture": "#0"},
				"east": {"uv": [0, 0, 2, 3], "rotation": 90, "texture": "#0"},
				"south": {"uv": [9, 1.25, 9.25, 6.75], "rotation": 90, "texture": "#0"},
				"west": {"uv": [0, 0, 2, 3], "rotation": 270, "texture": "#0"},
				"up": {"uv": [0, 0, 16, 3], "rotation": 180, "texture": "#0"},
				"down": {"uv": [9, 1.25, 9.25, 6.75], "rotation": 180, "texture": "#0"}
			}
		},
		{
			"from": [14.75, 1, 14.15],
			"to": [15, 15, 15.75],
			"faces": {
				"north": {"uv": [1.25, 1, 15, 1.25], "rotation": 90, "texture": "#0"},
				"east": {"uv": [0, 0, 16, 3], "rotation": 90, "texture": "#0"},
				"south": {"uv": [1, 1.25, 15, 1.5], "rotation": 90, "texture": "#0"},
				"west": {"uv": [1, 1.25, 15, 1.5], "rotation": 270, "texture": "#0"},
				"up": {"uv": [0, 0, 2, 3], "rotation": 180, "texture": "#0"},
				"down": {"uv": [0, 0, 2, 3], "rotation": 180, "texture": "#0"}
			}
		},
		{
			"from": [1, 1, 14.15],
			"to": [1.25, 15, 15.75],
			"faces": {
				"north": {"uv": [1.25, 14.75, 15, 15], "rotation": 90, "texture": "#0"},
				"east": {"uv": [1, 14.75, 15, 15], "rotation": 90, "texture": "#0"},
				"south": {"uv": [1, 14.75, 15, 15], "rotation": 90, "texture": "#0"},
				"west": {"uv": [0, 0, 16, 3], "rotation": 270, "texture": "#0"},
				"up": {"uv": [0, 0, 2, 3], "rotation": 180, "texture": "#0"},
				"down": {"uv": [0, 0, 2, 3], "rotation": 180, "texture": "#0"}
			}
		},
		{
			"from": [9.25, 9, 14.15],
			"to": [14.75, 9.25, 15.75],
			"faces": {
				"north": {"uv": [9, 1.25, 9.25, 14.75], "rotation": 90, "texture": "#0"},
				"east": {"uv": [0, 0, 2, 3], "rotation": 90, "texture": "#0"},
				"south": {"uv": [6.75, 1.25, 7, 6.75], "rotation": 90, "texture": "#0"},
				"west": {"uv": [0, 0, 2, 3], "rotation": 270, "texture": "#0"},
				"up": {"uv": [6.75, 1.25, 7, 6.75], "rotation": 180, "texture": "#0"},
				"down": {"uv": [0, 0, 16, 3], "rotation": 180, "texture": "#0"}
			}
		},
		{
			"from": [6.75, 1, 14.15],
			"to": [7, 15, 15.75],
			"faces": {
				"north": {"uv": [1.25, 9, 14.75, 9.25], "rotation": 90, "texture": "#0"},
				"east": {"uv": [0, 0, 16, 3], "rotation": 90, "texture": "#0"},
				"south": {"uv": [1.25, 9, 14.75, 9.25], "rotation": 90, "texture": "#0"},
				"west": {"uv": [1.25, 9, 14.75, 9.25], "rotation": 270, "texture": "#0"},
				"up": {"uv": [0, 0, 2, 3], "rotation": 180, "texture": "#0"},
				"down": {"uv": [0, 0, 2, 3], "rotation": 180, "texture": "#0"}
			}
		},
		{
			"from": [9, 1, 14.15],
			"to": [9.25, 15, 15.75],
			"faces": {
				"north": {"uv": [1.25, 6.75, 14.75, 7], "rotation": 90, "texture": "#0"},
				"east": {"uv": [1, 6.75, 15, 7], "rotation": 90, "texture": "#0"},
				"south": {"uv": [1, 6.75, 15, 7], "rotation": 90, "texture": "#0"},
				"west": {"uv": [0, 0, 16, 3], "rotation": 270, "texture": "#0"},
				"up": {"uv": [0, 0, 2, 3], "rotation": 180, "texture": "#0"},
				"down": {"uv": [0, 0, 2, 3], "rotation": 180, "texture": "#0"}
			}
		},
		{
			"from": [1.25, 9, 14.15],
			"to": [6.75, 9.25, 15.75],
			"faces": {
				"north": {"uv": [9, 1.25, 9.25, 14.75], "rotation": 90, "texture": "#0"},
				"east": {"uv": [0, 0, 2, 3], "rotation": 90, "texture": "#0"},
				"south": {"uv": [6.75, 9.25, 7, 14.75], "rotation": 90, "texture": "#0"},
				"west": {"uv": [0, 0, 2, 3], "rotation": 270, "texture": "#0"},
				"up": {"uv": [6.75, 9.25, 7, 14.75], "rotation": 180, "texture": "#0"},
				"down": {"uv": [0, 0, 16, 3], "rotation": 180, "texture": "#0"}
			}
		},
		{
			"from": [1.25, 14.75, 14.15],
			"to": [6.75, 15, 15.75],
			"faces": {
				"north": {"uv": [14.75, 1, 15, 14.75], "rotation": 90, "texture": "#0"},
				"east": {"uv": [0, 0, 2, 3], "rotation": 90, "texture": "#0"},
				"south": {"uv": [1, 9.25, 1.25, 14.75], "rotation": 90, "texture": "#0"},
				"west": {"uv": [0, 0, 2, 3], "rotation": 270, "texture": "#0"},
				"up": {"uv": [0, 0, 16, 3], "rotation": 180, "texture": "#0"},
				"down": {"uv": [1, 9.25, 1.25, 14.75], "rotation": 180, "texture": "#0"}
			}
		},
		{
			"from": [1.25, 1, 14.15],
			"to": [6.75, 1.25, 15.75],
			"faces": {
				"north": {"uv": [1.25, 1.25, 1.5, 15], "rotation": 90, "texture": "#0"},
				"east": {"uv": [0, 0, 2, 3], "rotation": 90, "texture": "#0"},
				"south": {"uv": [14.75, 9.25, 15, 14.75], "rotation": 90, "texture": "#0"},
				"west": {"uv": [0, 0, 2, 3], "rotation": 270, "texture": "#0"},
				"up": {"uv": [14.75, 1.25, 15, 6.75], "rotation": 180, "texture": "#0"},
				"down": {"uv": [0, 0, 16, 3], "rotation": 180, "texture": "#0"}
			}
		},
		{
			"from": [1.25, 6.75, 14.15],
			"to": [6.75, 7, 15.75],
			"faces": {
				"north": {"uv": [6.75, 1.5, 7, 15], "rotation": 90, "texture": "#0"},
				"east": {"uv": [0, 0, 2, 3], "rotation": 90, "texture": "#0"},
				"south": {"uv": [9, 9.25, 9.25, 14.75], "rotation": 90, "texture": "#0"},
				"west": {"uv": [0, 0, 2, 3], "rotation": 270, "texture": "#0"},
				"up": {"uv": [0, 0, 16, 3], "rotation": 180, "texture": "#0"},
				"down": {"uv": [9, 9.25, 9.25, 14.75], "rotation": 180, "texture": "#0"}
			}
		},
		{
			"from": [1.5, 14.5, 14.4],
			"to": [6.5, 14.75, 15.5],
			"faces": {
				"north": {"uv": [14.5, 1.25, 14.75, 15], "rotation": 90, "texture": "#0"},
				"east": {"uv": [0, 0, 2, 3], "rotation": 90, "texture": "#0"},
				"south": {"uv": [1.25, 9.5, 1.5, 14.5], "rotation": 90, "texture": "#0"},
				"west": {"uv": [0, 0, 2, 3], "rotation": 270, "texture": "#0"},
				"up": {"uv": [0, 0, 16, 3], "rotation": 180, "texture": "#0"},
				"down": {"uv": [1.25, 9.5, 1.5, 14.5], "rotation": 180, "texture": "#0"}
			}
		},
		{
			"from": [9.5, 1.25, 14.4],
			"to": [14.5, 1.5, 15.5],
			"faces": {
				"north": {"uv": [1.5, 1.25, 1.75, 15], "rotation": 90, "texture": "#0"},
				"east": {"uv": [0, 0, 2, 3], "rotation": 90, "texture": "#0"},
				"south": {"uv": [14.5, 1.5, 14.75, 6.5], "rotation": 90, "texture": "#0"},
				"west": {"uv": [0, 0, 2, 3], "rotation": 270, "texture": "#0"},
				"up": {"uv": [14.5, 1.5, 14.75, 6.5], "rotation": 180, "texture": "#0"},
				"down": {"uv": [0, 0, 16, 3], "rotation": 180, "texture": "#0"}
			}
		},
		{
			"from": [1.5, 6.5, 14.4],
			"to": [6.5, 6.75, 15.5],
			"faces": {
				"north": {"uv": [6.5, 1.25, 6.75, 14.75], "rotation": 90, "texture": "#0"},
				"east": {"uv": [0, 0, 2, 3], "rotation": 90, "texture": "#0"},
				"south": {"uv": [9.25, 9.5, 9.5, 14.5], "rotation": 90, "texture": "#0"},
				"west": {"uv": [0, 0, 2, 3], "rotation": 270, "texture": "#0"},
				"up": {"uv": [0, 0, 16, 3], "rotation": 180, "texture": "#0"},
				"down": {"uv": [9.25, 9.5, 9.5, 14.5], "rotation": 180, "texture": "#0"}
			}
		},
		{
			"from": [14.5, 1.25, 14.4],
			"to": [14.75, 14.75, 15.5],
			"faces": {
				"north": {"uv": [1.25, 1.25, 15, 1.5], "rotation": 90, "texture": "#0"},
				"east": {"uv": [0, 0, 16, 3], "rotation": 90, "texture": "#0"},
				"south": {"uv": [1.25, 1.25, 14.75, 1.5], "rotation": 90, "texture": "#0"},
				"west": {"uv": [1.25, 1.25, 14.75, 1.5], "rotation": 270, "texture": "#0"},
				"up": {"uv": [0, 0, 2, 3], "rotation": 180, "texture": "#0"},
				"down": {"uv": [0, 0, 2, 3], "rotation": 180, "texture": "#0"}
			}
		},
		{
			"from": [1.25, 1.25, 14.4],
			"to": [1.5, 14.75, 15.5],
			"faces": {
				"north": {"uv": [1.25, 14.5, 15, 14.75], "rotation": 90, "texture": "#0"},
				"east": {"uv": [1.25, 14.5, 14.75, 14.75], "rotation": 90, "texture": "#0"},
				"south": {"uv": [1.25, 14.5, 14.75, 14.75], "rotation": 90, "texture": "#0"},
				"west": {"uv": [0, 0, 16, 3], "rotation": 270, "texture": "#0"},
				"up": {"uv": [0, 0, 2, 3], "rotation": 180, "texture": "#0"},
				"down": {"uv": [0, 0, 2, 3], "rotation": 180, "texture": "#0"}
			}
		},
		{
			"from": [9.5, 9.25, 14.4],
			"to": [14.5, 9.5, 15.5],
			"faces": {
				"north": {"uv": [9.25, 1.25, 9.5, 14.75], "rotation": 90, "texture": "#0"},
				"east": {"uv": [0, 0, 2, 3], "rotation": 90, "texture": "#0"},
				"south": {"uv": [6.5, 1.5, 6.75, 6.5], "rotation": 90, "texture": "#0"},
				"west": {"uv": [0, 0, 2, 3], "rotation": 270, "texture": "#0"},
				"up": {"uv": [6.5, 1.5, 6.75, 6.5], "rotation": 180, "texture": "#0"},
				"down": {"uv": [0, 0, 16, 3], "rotation": 180, "texture": "#0"}
			}
		},
		{
			"from": [6.5, 1.25, 14.4],
			"to": [6.75, 14.75, 15.5],
			"faces": {
				"north": {"uv": [1.25, 9.25, 14.75, 9.5], "rotation": 90, "texture": "#0"},
				"east": {"uv": [0, 0, 16, 3], "rotation": 90, "texture": "#0"},
				"south": {"uv": [1.25, 9.5, 14.75, 9.75], "rotation": 90, "texture": "#0"},
				"west": {"uv": [1.25, 9.5, 14.75, 9.75], "rotation": 270, "texture": "#0"},
				"up": {"uv": [0, 0, 2, 3], "rotation": 180, "texture": "#0"},
				"down": {"uv": [0, 0, 2, 3], "rotation": 180, "texture": "#0"}
			}
		},
		{
			"from": [9.25, 1.25, 14.4],
			"to": [9.5, 14.75, 15.5],
			"faces": {
				"north": {"uv": [1.25, 6.5, 14.75, 6.75], "rotation": 90, "texture": "#0"},
				"east": {"uv": [1.25, 6.5, 14.75, 6.75], "rotation": 90, "texture": "#0"},
				"south": {"uv": [1.25, 6.5, 14.75, 6.75], "rotation": 90, "texture": "#0"},
				"west": {"uv": [0, 0, 16, 3], "rotation": 270, "texture": "#0"},
				"up": {"uv": [0, 0, 2, 3], "rotation": 180, "texture": "#0"},
				"down": {"uv": [0, 0, 2, 3], "rotation": 180, "texture": "#0"}
			}
		},
		{
			"from": [1.5, 9.25, 14.4],
			"to": [6.5, 9.5, 15.5],
			"faces": {
				"north": {"uv": [9.25, 1.25, 9.5, 14.75], "rotation": 90, "texture": "#0"},
				"east": {"uv": [0, 0, 2, 3], "rotation": 90, "texture": "#0"},
				"south": {"uv": [6.5, 9.5, 6.75, 14.5], "rotation": 90, "texture": "#0"},
				"west": {"uv": [0, 0, 2, 3], "rotation": 270, "texture": "#0"},
				"up": {"uv": [6.5, 9.5, 6.75, 14.5], "rotation": 180, "texture": "#0"},
				"down": {"uv": [0, 0, 16, 3], "rotation": 180, "texture": "#0"}
			}
		},
		{
			"from": [1.5, 1.25, 14.4],
			"to": [6.5, 1.5, 15.5],
			"faces": {
				"north": {"uv": [1.5, 1.25, 1.75, 15], "rotation": 90, "texture": "#0"},
				"east": {"uv": [0, 0, 2, 3], "rotation": 90, "texture": "#0"},
				"south": {"uv": [14.5, 9.5, 14.75, 14.5], "rotation": 90, "texture": "#0"},
				"west": {"uv": [0, 0, 2, 3], "rotation": 270, "texture": "#0"},
				"up": {"uv": [14.5, 9.5, 14.75, 14.5], "rotation": 180, "texture": "#0"},
				"down": {"uv": [0, 0, 16, 3], "rotation": 180, "texture": "#0"}
			}
		},
		{
			"from": [9.5, 6.5, 14.4],
			"to": [14.5, 6.75, 15.5],
			"faces": {
				"north": {"uv": [6.5, 1.25, 6.75, 14.75], "rotation": 90, "texture": "#0"},
				"east": {"uv": [0, 0, 2, 3], "rotation": 90, "texture": "#0"},
				"south": {"uv": [9.25, 1.5, 9.5, 6.5], "rotation": 90, "texture": "#0"},
				"west": {"uv": [0, 0, 2, 3], "rotation": 270, "texture": "#0"},
				"up": {"uv": [0, 0, 16, 3], "rotation": 180, "texture": "#0"},
				"down": {"uv": [9.25, 1.5, 9.5, 6.5], "rotation": 180, "texture": "#0"}
			}
		},
		{
			"from": [9.5, 14.5, 14.4],
			"to": [14.5, 14.75, 15.5],
			"faces": {
				"north": {"uv": [14.5, 1.25, 14.75, 15], "rotation": 90, "texture": "#0"},
				"east": {"uv": [0, 0, 2, 3], "rotation": 90, "texture": "#0"},
				"south": {"uv": [1.25, 1.5, 1.5, 6.5], "rotation": 90, "texture": "#0"},
				"west": {"uv": [0, 0, 2, 3], "rotation": 270, "texture": "#0"},
				"up": {"uv": [0, 0, 16, 3], "rotation": 180, "texture": "#0"},
				"down": {"uv": [1.25, 1.5, 1.5, 6.5], "rotation": 180, "texture": "#0"}
			}
		},
		{
			"from": [1.75, 14.25, 14.65],
			"to": [6.25, 14.5, 15.25],
			"faces": {
				"north": {"uv": [14, 1.25, 14.25, 15], "rotation": 90, "texture": "#0"},
				"east": {"uv": [0, 0, 2, 3], "rotation": 90, "texture": "#0"},
				"south": {"uv": [1.5, 9.75, 1.75, 14.25], "rotation": 90, "texture": "#0"},
				"west": {"uv": [0, 0, 2, 3], "rotation": 270, "texture": "#0"},
				"up": {"uv": [0, 0, 16, 3], "rotation": 180, "texture": "#0"},
				"down": {"uv": [1.5, 9.75, 1.75, 14.25], "rotation": 180, "texture": "#0"}
			}
		},
		{
			"from": [9.75, 1.5, 14.65],
			"to": [14.25, 1.75, 15.25],
			"faces": {
				"north": {"uv": [1.5, 1.25, 1.75, 15], "rotation": 90, "texture": "#0"},
				"east": {"uv": [0, 0, 2, 3], "rotation": 90, "texture": "#0"},
				"south": {"uv": [14.25, 1.75, 14.5, 6.25], "rotation": 90, "texture": "#0"},
				"west": {"uv": [0, 0, 2, 3], "rotation": 270, "texture": "#0"},
				"up": {"uv": [14.25, 1.75, 14.5, 6.25], "rotation": 180, "texture": "#0"},
				"down": {"uv": [0, 0, 16, 3], "rotation": 180, "texture": "#0"}
			}
		},
		{
			"from": [1.75, 6.25, 14.65],
			"to": [6.25, 6.5, 15.25],
			"faces": {
				"north": {"uv": [6.25, 1.25, 6.5, 14.75], "rotation": 90, "texture": "#0"},
				"east": {"uv": [0, 0, 2, 3], "rotation": 90, "texture": "#0"},
				"south": {"uv": [9.5, 9.75, 9.75, 14.25], "rotation": 90, "texture": "#0"},
				"west": {"uv": [0, 0, 2, 3], "rotation": 270, "texture": "#0"},
				"up": {"uv": [0, 0, 16, 3], "rotation": 180, "texture": "#0"},
				"down": {"uv": [9.5, 9.75, 9.75, 14.25], "rotation": 180, "texture": "#0"}
			}
		},
		{
			"from": [14.25, 1.5, 14.65],
			"to": [14.5, 14.5, 15.25],
			"faces": {
				"north": {"uv": [1.25, 1.75, 15, 2], "rotation": 90, "texture": "#0"},
				"east": {"uv": [0, 0, 16, 3], "rotation": 90, "texture": "#0"},
				"south": {"uv": [1.5, 1.5, 14.5, 1.75], "rotation": 90, "texture": "#0"},
				"west": {"uv": [1.5, 1.5, 14.5, 1.75], "rotation": 270, "texture": "#0"},
				"up": {"uv": [0, 0, 2, 3], "rotation": 180, "texture": "#0"},
				"down": {"uv": [0, 0, 2, 3], "rotation": 180, "texture": "#0"}
			}
		},
		{
			"from": [1.5, 1.5, 14.65],
			"to": [1.75, 14.5, 15.25],
			"faces": {
				"north": {"uv": [1.25, 14.25, 15, 14.5], "rotation": 90, "texture": "#0"},
				"east": {"uv": [1.5, 14.25, 14.5, 14.5], "rotation": 90, "texture": "#0"},
				"south": {"uv": [1.5, 14.25, 14.5, 14.5], "rotation": 90, "texture": "#0"},
				"west": {"uv": [0, 0, 16, 3], "rotation": 270, "texture": "#0"},
				"up": {"uv": [0, 0, 2, 3], "rotation": 180, "texture": "#0"},
				"down": {"uv": [0, 0, 2, 3], "rotation": 180, "texture": "#0"}
			}
		},
		{
			"from": [9.75, 9.5, 14.65],
			"to": [14.25, 9.75, 15.25],
			"faces": {
				"north": {"uv": [9.5, 1.25, 9.75, 14.75], "rotation": 90, "texture": "#0"},
				"east": {"uv": [0, 0, 2, 3], "rotation": 90, "texture": "#0"},
				"south": {"uv": [6.25, 1.75, 6.5, 6.25], "rotation": 90, "texture": "#0"},
				"west": {"uv": [0, 0, 2, 3], "rotation": 270, "texture": "#0"},
				"up": {"uv": [6.25, 1.75, 6.5, 6.25], "rotation": 180, "texture": "#0"},
				"down": {"uv": [0, 0, 16, 3], "rotation": 180, "texture": "#0"}
			}
		},
		{
			"from": [6.25, 1.5, 14.65],
			"to": [6.5, 14.5, 15.25],
			"faces": {
				"north": {"uv": [1.25, 9.25, 14.75, 9.5], "rotation": 90, "texture": "#0"},
				"east": {"uv": [0, 0, 16, 3], "rotation": 90, "texture": "#0"},
				"south": {"uv": [1.5, 9.75, 14.5, 10], "rotation": 90, "texture": "#0"},
				"west": {"uv": [1.5, 9.75, 14.5, 10], "rotation": 270, "texture": "#0"},
				"up": {"uv": [0, 0, 2, 3], "rotation": 180, "texture": "#0"},
				"down": {"uv": [0, 0, 2, 3], "rotation": 180, "texture": "#0"}
			}
		},
		{
			"from": [9.5, 1.5, 14.65],
			"to": [9.75, 14.75, 15.25],
			"faces": {
				"north": {"uv": [1.25, 6.25, 14.75, 6.5], "rotation": 90, "texture": "#0"},
				"east": {"uv": [1.5, 6.25, 14.75, 6.5], "rotation": 90, "texture": "#0"},
				"south": {"uv": [1.5, 6.25, 14.75, 6.5], "rotation": 90, "texture": "#0"},
				"west": {"uv": [0, 0, 16, 3], "rotation": 270, "texture": "#0"},
				"up": {"uv": [0, 0, 2, 3], "rotation": 180, "texture": "#0"},
				"down": {"uv": [0, 0, 2, 3], "rotation": 180, "texture": "#0"}
			}
		},
		{
			"from": [1.75, 9.5, 14.65],
			"to": [6.25, 9.75, 15.25],
			"faces": {
				"north": {"uv": [9.5, 1.25, 9.75, 14.75], "rotation": 90, "texture": "#0"},
				"east": {"uv": [0, 0, 2, 3], "rotation": 90, "texture": "#0"},
				"south": {"uv": [6.25, 9.75, 6.5, 14.25], "rotation": 90, "texture": "#0"},
				"west": {"uv": [0, 0, 2, 3], "rotation": 270, "texture": "#0"},
				"up": {"uv": [6.25, 9.75, 6.5, 14.25], "rotation": 180, "texture": "#0"},
				"down": {"uv": [0, 0, 16, 3], "rotation": 180, "texture": "#0"}
			}
		},
		{
			"from": [1.75, 1.5, 14.65],
			"to": [6.25, 1.75, 15.25],
			"faces": {
				"north": {"uv": [1.5, 1.25, 1.75, 15], "rotation": 90, "texture": "#0"},
				"east": {"uv": [0, 0, 2, 3], "rotation": 90, "texture": "#0"},
				"south": {"uv": [14.25, 9.75, 14.5, 14.25], "rotation": 90, "texture": "#0"},
				"west": {"uv": [0, 0, 2, 3], "rotation": 270, "texture": "#0"},
				"up": {"uv": [14.25, 9.75, 14.5, 14.25], "rotation": 180, "texture": "#0"},
				"down": {"uv": [0, 0, 16, 3], "rotation": 180, "texture": "#0"}
			}
		},
		{
			"from": [9.75, 14.25, 14.65],
			"to": [14.25, 14.5, 15.25],
			"faces": {
				"north": {"uv": [14, 1.25, 14.25, 15], "rotation": 90, "texture": "#0"},
				"east": {"uv": [0, 0, 2, 3], "rotation": 90, "texture": "#0"},
				"south": {"uv": [1.5, 1.75, 1.75, 6.25], "rotation": 90, "texture": "#0"},
				"west": {"uv": [0, 0, 2, 3], "rotation": 270, "texture": "#0"},
				"up": {"uv": [0, 0, 16, 3], "rotation": 180, "texture": "#0"},
				"down": {"uv": [1.5, 1.75, 1.75, 6.25], "rotation": 180, "texture": "#0"}
			}
		},
		{
			"from": [9.75, 6.25, 14.65],
			"to": [14.25, 6.5, 15.25],
			"faces": {
				"north": {"uv": [6.25, 1.25, 6.5, 14.75], "rotation": 90, "texture": "#0"},
				"east": {"uv": [0, 0, 2, 3], "rotation": 90, "texture": "#0"},
				"south": {"uv": [9.5, 1.75, 9.75, 6.25], "rotation": 90, "texture": "#0"},
				"west": {"uv": [0, 0, 2, 3], "rotation": 270, "texture": "#0"},
				"up": {"uv": [0, 0, 16, 3], "rotation": 180, "texture": "#0"},
				"down": {"uv": [9.5, 1.75, 9.75, 6.25], "rotation": 180, "texture": "#0"}
			}
		},
		{
			"from": [0.25, 0.25, 14.9],
			"to": [15.75, 15.75, 15],
			"faces": {
				"north": {"uv": [0.25, 0.25, 15.75, 15.75], "rotation": 90, "texture": "#0"},
				"south": {"uv": [0.25, 0.25, 15.75, 15.75], "rotation": 90, "texture": "#0"},
				"up": {"uv": [0.5, 0, 15.5, 3], "rotation": 180, "texture": "#0"},
				"down": {"uv": [0.5, 0, 15.5, 3], "rotation": 180, "texture": "#0"}
			}
		},
		{
			"from": [9.25, 14.75, 13.25],
			"to": [14.75, 15, 14.85],
			"faces": {
				"north": {"uv": [1.25, 1.25, 1, 6.75], "rotation": 270, "texture": "#0"},
				"east": {"uv": [2, 0, 0, 3], "rotation": 270, "texture": "#0"},
				"south": {"uv": [15, 1, 14.75, 14.75], "rotation": 90, "texture": "#0"},
				"west": {"uv": [2, 0, 0, 3], "rotation": 90, "texture": "#0"},
				"up": {"uv": [16, 0, 0, 3], "rotation": 180, "texture": "#0"},
				"down": {"uv": [1.25, 1.25, 1, 6.75], "texture": "#0"}
			}
		},
		{
			"from": [9.25, 1, 13.25],
			"to": [14.75, 1.25, 14.85],
			"faces": {
				"north": {"uv": [15, 1.25, 14.75, 6.75], "rotation": 270, "texture": "#0"},
				"east": {"uv": [2, 0, 0, 3], "rotation": 270, "texture": "#0"},
				"south": {"uv": [1.5, 1.25, 1.25, 15], "rotation": 90, "texture": "#0"},
				"west": {"uv": [2, 0, 0, 3], "rotation": 90, "texture": "#0"},
				"up": {"uv": [15, 1.25, 14.75, 6.75], "rotation": 180, "texture": "#0"},
				"down": {"uv": [16, 0, 0, 3], "texture": "#0"}
			}
		},
		{
			"from": [9.25, 6.75, 13.25],
			"to": [14.75, 7, 14.85],
			"faces": {
				"north": {"uv": [9.25, 1.25, 9, 6.75], "rotation": 270, "texture": "#0"},
				"east": {"uv": [2, 0, 0, 3], "rotation": 270, "texture": "#0"},
				"south": {"uv": [7, 1.5, 6.75, 15], "rotation": 90, "texture": "#0"},
				"west": {"uv": [2, 0, 0, 3], "rotation": 90, "texture": "#0"},
				"up": {"uv": [16, 0, 0, 3], "rotation": 180, "texture": "#0"},
				"down": {"uv": [9.25, 1.25, 9, 6.75], "texture": "#0"}
			}
		},
		{
			"from": [14.75, 1, 13.25],
			"to": [15, 15, 14.85],
			"faces": {
				"north": {"uv": [15, 1.25, 1, 1.5], "rotation": 270, "texture": "#0"},
				"east": {"uv": [16, 0, 0, 3], "rotation": 270, "texture": "#0"},
				"south": {"uv": [15, 1, 1.25, 1.25], "rotation": 90, "texture": "#0"},
				"west": {"uv": [15, 1.25, 1, 1.5], "rotation": 90, "texture": "#0"},
				"up": {"uv": [2, 0, 0, 3], "rotation": 180, "texture": "#0"},
				"down": {"uv": [2, 0, 0, 3], "texture": "#0"}
			}
		},
		{
			"from": [1, 1, 13.25],
			"to": [1.25, 15, 14.85],
			"faces": {
				"north": {"uv": [15, 14.75, 1, 15], "rotation": 270, "texture": "#0"},
				"east": {"uv": [15, 14.75, 1, 15], "rotation": 270, "texture": "#0"},
				"south": {"uv": [15, 14.75, 1.25, 15], "rotation": 90, "texture": "#0"},
				"west": {"uv": [16, 0, 0, 3], "rotation": 90, "texture": "#0"},
				"up": {"uv": [2, 0, 0, 3], "rotation": 180, "texture": "#0"},
				"down": {"uv": [2, 0, 0, 3], "texture": "#0"}
			}
		},
		{
			"from": [9.25, 9, 13.25],
			"to": [14.75, 9.25, 14.85],
			"faces": {
				"north": {"uv": [7, 1.25, 6.75, 6.75], "rotation": 270, "texture": "#0"},
				"east": {"uv": [2, 0, 0, 3], "rotation": 270, "texture": "#0"},
				"south": {"uv": [9.25, 1.25, 9, 14.75], "rotation": 90, "texture": "#0"},
				"west": {"uv": [2, 0, 0, 3], "rotation": 90, "texture": "#0"},
				"up": {"uv": [7, 1.25, 6.75, 6.75], "rotation": 180, "texture": "#0"},
				"down": {"uv": [16, 0, 0, 3], "texture": "#0"}
			}
		},
		{
			"from": [6.75, 1, 13.25],
			"to": [7, 15, 14.85],
			"faces": {
				"north": {"uv": [14.75, 9, 1.25, 9.25], "rotation": 270, "texture": "#0"},
				"east": {"uv": [16, 0, 0, 3], "rotation": 270, "texture": "#0"},
				"south": {"uv": [14.75, 9, 1.25, 9.25], "rotation": 90, "texture": "#0"},
				"west": {"uv": [14.75, 9, 1.25, 9.25], "rotation": 90, "texture": "#0"},
				"up": {"uv": [2, 0, 0, 3], "rotation": 180, "texture": "#0"},
				"down": {"uv": [2, 0, 0, 3], "texture": "#0"}
			}
		},
		{
			"from": [9, 1, 13.25],
			"to": [9.25, 15, 14.85],
			"faces": {
				"north": {"uv": [15, 6.75, 1, 7], "rotation": 270, "texture": "#0"},
				"east": {"uv": [15, 6.75, 1, 7], "rotation": 270, "texture": "#0"},
				"south": {"uv": [14.75, 6.75, 1.25, 7], "rotation": 90, "texture": "#0"},
				"west": {"uv": [16, 0, 0, 3], "rotation": 90, "texture": "#0"},
				"up": {"uv": [2, 0, 0, 3], "rotation": 180, "texture": "#0"},
				"down": {"uv": [2, 0, 0, 3], "texture": "#0"}
			}
		},
		{
			"from": [1.25, 9, 13.25],
			"to": [6.75, 9.25, 14.85],
			"faces": {
				"north": {"uv": [7, 9.25, 6.75, 14.75], "rotation": 270, "texture": "#0"},
				"east": {"uv": [2, 0, 0, 3], "rotation": 270, "texture": "#0"},
				"south": {"uv": [9.25, 1.25, 9, 14.75], "rotation": 90, "texture": "#0"},
				"west": {"uv": [2, 0, 0, 3], "rotation": 90, "texture": "#0"},
				"up": {"uv": [7, 9.25, 6.75, 14.75], "rotation": 180, "texture": "#0"},
				"down": {"uv": [16, 0, 0, 3], "texture": "#0"}
			}
		},
		{
			"from": [1.25, 14.75, 13.25],
			"to": [6.75, 15, 14.85],
			"faces": {
				"north": {"uv": [1.25, 9.25, 1, 14.75], "rotation": 270, "texture": "#0"},
				"east": {"uv": [2, 0, 0, 3], "rotation": 270, "texture": "#0"},
				"south": {"uv": [15, 1, 14.75, 14.75], "rotation": 90, "texture": "#0"},
				"west": {"uv": [2, 0, 0, 3], "rotation": 90, "texture": "#0"},
				"up": {"uv": [16, 0, 0, 3], "rotation": 180, "texture": "#0"},
				"down": {"uv": [1.25, 9.25, 1, 14.75], "texture": "#0"}
			}
		},
		{
			"from": [1.25, 1, 13.25],
			"to": [6.75, 1.25, 14.85],
			"faces": {
				"north": {"uv": [15, 9.25, 14.75, 14.75], "rotation": 270, "texture": "#0"},
				"east": {"uv": [2, 0, 0, 3], "rotation": 270, "texture": "#0"},
				"south": {"uv": [1.5, 1.25, 1.25, 15], "rotation": 90, "texture": "#0"},
				"west": {"uv": [2, 0, 0, 3], "rotation": 90, "texture": "#0"},
				"up": {"uv": [15, 1.25, 14.75, 6.75], "rotation": 180, "texture": "#0"},
				"down": {"uv": [16, 0, 0, 3], "texture": "#0"}
			}
		},
		{
			"from": [1.25, 6.75, 13.25],
			"to": [6.75, 7, 14.85],
			"faces": {
				"north": {"uv": [9.25, 9.25, 9, 14.75], "rotation": 270, "texture": "#0"},
				"east": {"uv": [2, 0, 0, 3], "rotation": 270, "texture": "#0"},
				"south": {"uv": [7, 1.5, 6.75, 15], "rotation": 90, "texture": "#0"},
				"west": {"uv": [2, 0, 0, 3], "rotation": 90, "texture": "#0"},
				"up": {"uv": [16, 0, 0, 3], "rotation": 180, "texture": "#0"},
				"down": {"uv": [9.25, 9.25, 9, 14.75], "texture": "#0"}
			}
		},
		{
			"from": [1.5, 14.5, 13.5],
			"to": [6.5, 14.75, 14.6],
			"faces": {
				"north": {"uv": [1.5, 9.5, 1.25, 14.5], "rotation": 270, "texture": "#0"},
				"east": {"uv": [2, 0, 0, 3], "rotation": 270, "texture": "#0"},
				"south": {"uv": [14.75, 1.25, 14.5, 15], "rotation": 90, "texture": "#0"},
				"west": {"uv": [2, 0, 0, 3], "rotation": 90, "texture": "#0"},
				"up": {"uv": [16, 0, 0, 3], "rotation": 180, "texture": "#0"},
				"down": {"uv": [1.5, 9.5, 1.25, 14.5], "texture": "#0"}
			}
		},
		{
			"from": [9.5, 1.25, 13.5],
			"to": [14.5, 1.5, 14.6],
			"faces": {
				"north": {"uv": [14.75, 1.5, 14.5, 6.5], "rotation": 270, "texture": "#0"},
				"east": {"uv": [2, 0, 0, 3], "rotation": 270, "texture": "#0"},
				"south": {"uv": [1.75, 1.25, 1.5, 15], "rotation": 90, "texture": "#0"},
				"west": {"uv": [2, 0, 0, 3], "rotation": 90, "texture": "#0"},
				"up": {"uv": [14.75, 1.5, 14.5, 6.5], "rotation": 180, "texture": "#0"},
				"down": {"uv": [16, 0, 0, 3], "texture": "#0"}
			}
		},
		{
			"from": [1.5, 6.5, 13.5],
			"to": [6.5, 6.75, 14.6],
			"faces": {
				"north": {"uv": [9.5, 9.5, 9.25, 14.5], "rotation": 270, "texture": "#0"},
				"east": {"uv": [2, 0, 0, 3], "rotation": 270, "texture": "#0"},
				"south": {"uv": [6.75, 1.25, 6.5, 14.75], "rotation": 90, "texture": "#0"},
				"west": {"uv": [2, 0, 0, 3], "rotation": 90, "texture": "#0"},
				"up": {"uv": [16, 0, 0, 3], "rotation": 180, "texture": "#0"},
				"down": {"uv": [9.5, 9.5, 9.25, 14.5], "texture": "#0"}
			}
		},
		{
			"from": [14.5, 1.25, 13.5],
			"to": [14.75, 14.75, 14.6],
			"faces": {
				"north": {"uv": [14.75, 1.25, 1.25, 1.5], "rotation": 270, "texture": "#0"},
				"east": {"uv": [16, 0, 0, 3], "rotation": 270, "texture": "#0"},
				"south": {"uv": [15, 1.25, 1.25, 1.5], "rotation": 90, "texture": "#0"},
				"west": {"uv": [14.75, 1.25, 1.25, 1.5], "rotation": 90, "texture": "#0"},
				"up": {"uv": [2, 0, 0, 3], "rotation": 180, "texture": "#0"},
				"down": {"uv": [2, 0, 0, 3], "texture": "#0"}
			}
		},
		{
			"from": [1.25, 1.25, 13.5],
			"to": [1.5, 14.75, 14.6],
			"faces": {
				"north": {"uv": [14.75, 14.5, 1.25, 14.75], "rotation": 270, "texture": "#0"},
				"east": {"uv": [14.75, 14.5, 1.25, 14.75], "rotation": 270, "texture": "#0"},
				"south": {"uv": [15, 14.5, 1.25, 14.75], "rotation": 90, "texture": "#0"},
				"west": {"uv": [16, 0, 0, 3], "rotation": 90, "texture": "#0"},
				"up": {"uv": [2, 0, 0, 3], "rotation": 180, "texture": "#0"},
				"down": {"uv": [2, 0, 0, 3], "texture": "#0"}
			}
		},
		{
			"from": [9.5, 9.25, 13.5],
			"to": [14.5, 9.5, 14.6],
			"faces": {
				"north": {"uv": [6.75, 1.5, 6.5, 6.5], "rotation": 270, "texture": "#0"},
				"east": {"uv": [2, 0, 0, 3], "rotation": 270, "texture": "#0"},
				"south": {"uv": [9.5, 1.25, 9.25, 14.75], "rotation": 90, "texture": "#0"},
				"west": {"uv": [2, 0, 0, 3], "rotation": 90, "texture": "#0"},
				"up": {"uv": [6.75, 1.5, 6.5, 6.5], "rotation": 180, "texture": "#0"},
				"down": {"uv": [16, 0, 0, 3], "texture": "#0"}
			}
		},
		{
			"from": [6.5, 1.25, 13.5],
			"to": [6.75, 14.75, 14.6],
			"faces": {
				"north": {"uv": [14.75, 9.5, 1.25, 9.75], "rotation": 270, "texture": "#0"},
				"east": {"uv": [16, 0, 0, 3], "rotation": 270, "texture": "#0"},
				"south": {"uv": [14.75, 9.25, 1.25, 9.5], "rotation": 90, "texture": "#0"},
				"west": {"uv": [14.75, 9.5, 1.25, 9.75], "rotation": 90, "texture": "#0"},
				"up": {"uv": [2, 0, 0, 3], "rotation": 180, "texture": "#0"},
				"down": {"uv": [2, 0, 0, 3], "texture": "#0"}
			}
		},
		{
			"from": [9.25, 1.25, 13.5],
			"to": [9.5, 14.75, 14.6],
			"faces": {
				"north": {"uv": [14.75, 6.5, 1.25, 6.75], "rotation": 270, "texture": "#0"},
				"east": {"uv": [14.75, 6.5, 1.25, 6.75], "rotation": 270, "texture": "#0"},
				"south": {"uv": [14.75, 6.5, 1.25, 6.75], "rotation": 90, "texture": "#0"},
				"west": {"uv": [16, 0, 0, 3], "rotation": 90, "texture": "#0"},
				"up": {"uv": [2, 0, 0, 3], "rotation": 180, "texture": "#0"},
				"down": {"uv": [2, 0, 0, 3], "texture": "#0"}
			}
		},
		{
			"from": [1.5, 9.25, 13.5],
			"to": [6.5, 9.5, 14.6],
			"faces": {
				"north": {"uv": [6.75, 9.5, 6.5, 14.5], "rotation": 270, "texture": "#0"},
				"east": {"uv": [2, 0, 0, 3], "rotation": 270, "texture": "#0"},
				"south": {"uv": [9.5, 1.25, 9.25, 14.75], "rotation": 90, "texture": "#0"},
				"west": {"uv": [2, 0, 0, 3], "rotation": 90, "texture": "#0"},
				"up": {"uv": [6.75, 9.5, 6.5, 14.5], "rotation": 180, "texture": "#0"},
				"down": {"uv": [16, 0, 0, 3], "texture": "#0"}
			}
		},
		{
			"from": [1.5, 1.25, 13.5],
			"to": [6.5, 1.5, 14.6],
			"faces": {
				"north": {"uv": [14.75, 9.5, 14.5, 14.5], "rotation": 270, "texture": "#0"},
				"east": {"uv": [2, 0, 0, 3], "rotation": 270, "texture": "#0"},
				"south": {"uv": [1.75, 1.25, 1.5, 15], "rotation": 90, "texture": "#0"},
				"west": {"uv": [2, 0, 0, 3], "rotation": 90, "texture": "#0"},
				"up": {"uv": [14.75, 9.5, 14.5, 14.5], "rotation": 180, "texture": "#0"},
				"down": {"uv": [16, 0, 0, 3], "texture": "#0"}
			}
		},
		{
			"from": [9.5, 6.5, 13.5],
			"to": [14.5, 6.75, 14.6],
			"faces": {
				"north": {"uv": [9.5, 1.5, 9.25, 6.5], "rotation": 270, "texture": "#0"},
				"east": {"uv": [2, 0, 0, 3], "rotation": 270, "texture": "#0"},
				"south": {"uv": [6.75, 1.25, 6.5, 14.75], "rotation": 90, "texture": "#0"},
				"west": {"uv": [2, 0, 0, 3], "rotation": 90, "texture": "#0"},
				"up": {"uv": [16, 0, 0, 3], "rotation": 180, "texture": "#0"},
				"down": {"uv": [9.5, 1.5, 9.25, 6.5], "texture": "#0"}
			}
		},
		{
			"from": [9.5, 14.5, 13.5],
			"to": [14.5, 14.75, 14.6],
			"faces": {
				"north": {"uv": [1.5, 1.5, 1.25, 6.5], "rotation": 270, "texture": "#0"},
				"east": {"uv": [2, 0, 0, 3], "rotation": 270, "texture": "#0"},
				"south": {"uv": [14.75, 1.25, 14.5, 15], "rotation": 90, "texture": "#0"},
				"west": {"uv": [2, 0, 0, 3], "rotation": 90, "texture": "#0"},
				"up": {"uv": [16, 0, 0, 3], "rotation": 180, "texture": "#0"},
				"down": {"uv": [1.5, 1.5, 1.25, 6.5], "texture": "#0"}
			}
		},
		{
			"from": [1.75, 14.25, 13.75],
			"to": [6.25, 14.5, 14.35],
			"faces": {
				"north": {"uv": [1.75, 9.75, 1.5, 14.25], "rotation": 270, "texture": "#0"},
				"east": {"uv": [2, 0, 0, 3], "rotation": 270, "texture": "#0"},
				"south": {"uv": [14.25, 1.25, 14, 15], "rotation": 90, "texture": "#0"},
				"west": {"uv": [2, 0, 0, 3], "rotation": 90, "texture": "#0"},
				"up": {"uv": [16, 0, 0, 3], "rotation": 180, "texture": "#0"},
				"down": {"uv": [1.75, 9.75, 1.5, 14.25], "texture": "#0"}
			}
		},
		{
			"from": [9.75, 1.5, 13.75],
			"to": [14.25, 1.75, 14.35],
			"faces": {
				"north": {"uv": [14.5, 1.75, 14.25, 6.25], "rotation": 270, "texture": "#0"},
				"east": {"uv": [2, 0, 0, 3], "rotation": 270, "texture": "#0"},
				"south": {"uv": [1.75, 1.25, 1.5, 15], "rotation": 90, "texture": "#0"},
				"west": {"uv": [2, 0, 0, 3], "rotation": 90, "texture": "#0"},
				"up": {"uv": [14.5, 1.75, 14.25, 6.25], "rotation": 180, "texture": "#0"},
				"down": {"uv": [16, 0, 0, 3], "texture": "#0"}
			}
		},
		{
			"from": [1.75, 6.25, 13.75],
			"to": [6.25, 6.5, 14.35],
			"faces": {
				"north": {"uv": [9.75, 9.75, 9.5, 14.25], "rotation": 270, "texture": "#0"},
				"east": {"uv": [2, 0, 0, 3], "rotation": 270, "texture": "#0"},
				"south": {"uv": [6.5, 1.25, 6.25, 14.75], "rotation": 90, "texture": "#0"},
				"west": {"uv": [2, 0, 0, 3], "rotation": 90, "texture": "#0"},
				"up": {"uv": [16, 0, 0, 3], "rotation": 180, "texture": "#0"},
				"down": {"uv": [9.75, 9.75, 9.5, 14.25], "texture": "#0"}
			}
		},
		{
			"from": [14.25, 1.5, 13.75],
			"to": [14.5, 14.5, 14.35],
			"faces": {
				"north": {"uv": [14.5, 1.5, 1.5, 1.75], "rotation": 270, "texture": "#0"},
				"east": {"uv": [16, 0, 0, 3], "rotation": 270, "texture": "#0"},
				"south": {"uv": [15, 1.75, 1.25, 2], "rotation": 90, "texture": "#0"},
				"west": {"uv": [14.5, 1.5, 1.5, 1.75], "rotation": 90, "texture": "#0"},
				"up": {"uv": [2, 0, 0, 3], "rotation": 180, "texture": "#0"},
				"down": {"uv": [2, 0, 0, 3], "texture": "#0"}
			}
		},
		{
			"from": [1.5, 1.5, 13.75],
			"to": [1.75, 14.5, 14.35],
			"faces": {
				"north": {"uv": [14.5, 14.25, 1.5, 14.5], "rotation": 270, "texture": "#0"},
				"east": {"uv": [14.5, 14.25, 1.5, 14.5], "rotation": 270, "texture": "#0"},
				"south": {"uv": [15, 14.25, 1.25, 14.5], "rotation": 90, "texture": "#0"},
				"west": {"uv": [16, 0, 0, 3], "rotation": 90, "texture": "#0"},
				"up": {"uv": [2, 0, 0, 3], "rotation": 180, "texture": "#0"},
				"down": {"uv": [2, 0, 0, 3], "texture": "#0"}
			}
		},
		{
			"from": [9.75, 9.5, 13.75],
			"to": [14.25, 9.75, 14.35],
			"faces": {
				"north": {"uv": [6.5, 1.75, 6.25, 6.25], "rotation": 270, "texture": "#0"},
				"east": {"uv": [2, 0, 0, 3], "rotation": 270, "texture": "#0"},
				"south": {"uv": [9.75, 1.25, 9.5, 14.75], "rotation": 90, "texture": "#0"},
				"west": {"uv": [2, 0, 0, 3], "rotation": 90, "texture": "#0"},
				"up": {"uv": [6.5, 1.75, 6.25, 6.25], "rotation": 180, "texture": "#0"},
				"down": {"uv": [16, 0, 0, 3], "texture": "#0"}
			}
		},
		{
			"from": [6.25, 1.5, 13.75],
			"to": [6.5, 14.5, 14.35],
			"faces": {
				"north": {"uv": [14.5, 9.75, 1.5, 10], "rotation": 270, "texture": "#0"},
				"east": {"uv": [16, 0, 0, 3], "rotation": 270, "texture": "#0"},
				"south": {"uv": [14.75, 9.25, 1.25, 9.5], "rotation": 90, "texture": "#0"},
				"west": {"uv": [14.5, 9.75, 1.5, 10], "rotation": 90, "texture": "#0"},
				"up": {"uv": [2, 0, 0, 3], "rotation": 180, "texture": "#0"},
				"down": {"uv": [2, 0, 0, 3], "texture": "#0"}
			}
		},
		{
			"from": [9.5, 1.5, 13.75],
			"to": [9.75, 14.75, 14.35],
			"faces": {
				"north": {"uv": [14.75, 6.25, 1.5, 6.5], "rotation": 270, "texture": "#0"},
				"east": {"uv": [14.75, 6.25, 1.5, 6.5], "rotation": 270, "texture": "#0"},
				"south": {"uv": [14.75, 6.25, 1.25, 6.5], "rotation": 90, "texture": "#0"},
				"west": {"uv": [16, 0, 0, 3], "rotation": 90, "texture": "#0"},
				"up": {"uv": [2, 0, 0, 3], "rotation": 180, "texture": "#0"},
				"down": {"uv": [2, 0, 0, 3], "texture": "#0"}
			}
		},
		{
			"from": [1.75, 9.5, 13.75],
			"to": [6.25, 9.75, 14.35],
			"faces": {
				"north": {"uv": [6.5, 9.75, 6.25, 14.25], "rotation": 270, "texture": "#0"},
				"east": {"uv": [2, 0, 0, 3], "rotation": 270, "texture": "#0"},
				"south": {"uv": [9.75, 1.25, 9.5, 14.75], "rotation": 90, "texture": "#0"},
				"west": {"uv": [2, 0, 0, 3], "rotation": 90, "texture": "#0"},
				"up": {"uv": [6.5, 9.75, 6.25, 14.25], "rotation": 180, "texture": "#0"},
				"down": {"uv": [16, 0, 0, 3], "texture": "#0"}
			}
		},
		{
			"from": [1.75, 1.5, 13.75],
			"to": [6.25, 1.75, 14.35],
			"faces": {
				"north": {"uv": [14.5, 9.75, 14.25, 14.25], "rotation": 270, "texture": "#0"},
				"east": {"uv": [2, 0, 0, 3], "rotation": 270, "texture": "#0"},
				"south": {"uv": [1.75, 1.25, 1.5, 15], "rotation": 90, "texture": "#0"},
				"west": {"uv": [2, 0, 0, 3], "rotation": 90, "texture": "#0"},
				"up": {"uv": [14.5, 9.75, 14.25, 14.25], "rotation": 180, "texture": "#0"},
				"down": {"uv": [16, 0, 0, 3], "texture": "#0"}
			}
		},
		{
			"from": [9.75, 14.25, 13.75],
			"to": [14.25, 14.5, 14.35],
			"faces": {
				"north": {"uv": [1.75, 1.75, 1.5, 6.25], "rotation": 270, "texture": "#0"},
				"east": {"uv": [2, 0, 0, 3], "rotation": 270, "texture": "#0"},
				"south": {"uv": [14.25, 1.25, 14, 15], "rotation": 90, "texture": "#0"},
				"west": {"uv": [2, 0, 0, 3], "rotation": 90, "texture": "#0"},
				"up": {"uv": [16, 0, 0, 3], "rotation": 180, "texture": "#0"},
				"down": {"uv": [1.75, 1.75, 1.5, 6.25], "texture": "#0"}
			}
		},
		{
			"from": [9.75, 6.25, 13.75],
			"to": [14.25, 6.5, 14.35],
			"faces": {
				"north": {"uv": [9.75, 1.75, 9.5, 6.25], "rotation": 270, "texture": "#0"},
				"east": {"uv": [2, 0, 0, 3], "rotation": 270, "texture": "#0"},
				"south": {"uv": [6.5, 1.25, 6.25, 14.75], "rotation": 90, "texture": "#0"},
				"west": {"uv": [2, 0, 0, 3], "rotation": 90, "texture": "#0"},
				"up": {"uv": [16, 0, 0, 3], "rotation": 180, "texture": "#0"},
				"down": {"uv": [9.75, 1.75, 9.5, 6.25], "texture": "#0"}
			}
		},
		{
			"from": [0.25, 0.25, 14],
			"to": [15.75, 15.75, 14.1],
			"faces": {
				"north": {"uv": [15.75, 0.25, 0.25, 15.75], "rotation": 270, "texture": "#0"},
				"south": {"uv": [15.75, 0.25, 0.25, 15.75], "rotation": 90, "texture": "#0"},
				"up": {"uv": [15.5, 0, 0.5, 3], "rotation": 180, "texture": "#0"},
				"down": {"uv": [15.5, 0, 0.5, 3], "texture": "#0"}
			}
		}
	],
	"display": {
		"thirdperson_righthand": {
			"rotation": [75, 45, 0],
			"translation": [0, 2.5, 0],
			"scale": [0.375, 0.375, 0.375]
		},
		"thirdperson_lefthand": {
			"rotation": [75, 255, 0],
			"translation": [0, 2.5, 0],
			"scale": [0.375, 0.375, 0.375]
		},
		"firstperson_righthand": {
			"rotation": [0, 45, 0],
			"translation": [0, 2.5, 0],
			"scale": [0.4, 0.4, 0.4]
		},
		"firstperson_lefthand": {
			"rotation": [0, 225, 0],
			"translation": [0, 2.5, 0],
			"scale": [0.4, 0.4, 0.4]
		},
		"ground": {
			"translation": [0, 3, 0],
			"scale": [0.25, 0.25, 0.25]
		},
		"gui": {
			"rotation": [30, 225, 0],
			"scale": [0.625, 0.625, 0.625]
		},
		"fixed": {
			"scale": [0.5, 0.5, 0.5]
		}
	},
	"groups": [
		{
			"name": "group",
			"children": [
				{
					"name": "buitenkant",
					"children": [0, 1, 2, 3, 4, 5, 6]
				},
				{
					"name": "binnenkant1",
					"children": [
						{
							"name": "laag1",
							"children": [
								{
									"name": "group",
									"children": [
										{
											"name": "group",
											"children": [7, 8, 9, 10, 11, 12, 13, 14, 15, 16, 17, 18]
										}
									]
								}
							]
						},
						{
							"name": "laag2",
							"children": [19, 20, 21, 22, 23, 24, 25, 26, 27, 28, 29, 30]
						},
						{
							"name": "laag3",
							"children": [31, 32, 33, 34, 35, 36, 37, 38, 39, 40, 41, 42]
						}, 43]
				},
				{
					"name": "binnenkant2",
					"children": [
						{
							"name": "laag1",
							"children": [
								{
									"name": "group",
									"children": [
										{
											"name": "group",
											"children": [44, 45, 46, 47, 48, 49, 50, 51, 52, 53, 54, 55]
										}
									]
								}
							]
						},
						{
							"name": "laag2",
							"children": [56, 57, 58, 59, 60, 61, 62, 63, 64, 65, 66, 67]
						},
						{
							"name": "laag3",
							"children": [68, 69, 70, 71, 72, 73, 74, 75, 76, 77, 78, 79]
						}, 80]
				}
			]
		}
	]
}