{
	"credit": "Made with Blockbench",
	"ambientocclusion": false,
	"textures": {
		"edge": "block/dark_oak_door_edge",
		"particle": "block/dark_oak_door_bottom",
		"back": "block/dark_oak_door_bottom",
		"front": "block/dark_oak_door_bottom-rh"
	},
	"elements": [
		{
			"from": [0, 0, 14],
			"to": [3, 16, 16],
			"faces": {
				"north": {"uv": [15.5, 0, 12.5, 16], "texture": "#edge"},
				"east": {"uv": [0, 0, 2, 16], "texture": "#back"},
				"south": {"uv": [13.5625, 0, 15.75, 15.75], "texture": "#edge"},
				"west": {"uv": [14, 0, 16, 16], "texture": "#front", "cullface": "west"},
				"down": {"uv": [0, 0, 3, 2], "texture": "#edge"}
			}
		},
		{
			"from": [0, 15.5, 2],
			"to": [3, 16, 14],
			"faces": {
				"east": {"uv": [2, 0, 14, 0.5], "texture": "#back"},
				"west": {"uv": [2, 0, 14, 0.5], "texture": "#front", "cullface": "west"},
				"up": {"uv": [2.5, 1.5, 13.5, 3.5], "rotation": 90, "texture": "#edge", "cullface": "up"},
				"down": {"uv": [14, 0, 2, 3], "rotation": 90, "texture": "#edge"}
			}
		},
		{
			"from": [0, 0, 2],
			"to": [3, 2.5, 14],
			"faces": {
				"east": {"uv": [2, 13.5, 14, 16], "texture": "#back"},
				"west": {"uv": [2, 13.5, 14, 16], "texture": "#front"},
				"up": {"uv": [2.5, 13.5, 13.5, 15.75], "rotation": 90, "texture": "#edge"},
				"down": {"uv": [0, 2, 3, 14], "texture": "#edge"}
			}
		},
		{
			"from": [0, 0, 0],
			"to": [3, 16, 2],
			"faces": {
				"north": {"uv": [13.5, 0, 15.75, 15.75], "texture": "#edge"},
				"east": {"uv": [14, 0, 16, 16], "texture": "#back"},
				"south": {"uv": [13.5, 0, 15.75, 15.75], "texture": "#edge"},
				"west": {"uv": [0, 0, 2, 16], "texture": "#front"},
				"down": {"uv": [0, 14, 3, 16], "texture": "#edge"}
			}
		},
		{
			"from": [0, 2.5, 7],
			"to": [3, 15.5, 9],
			"faces": {
				"north": {"uv": [7.5, 9.5, 8.5, 13.5], "texture": "#edge"},
				"east": {"uv": [7, 0.5, 9, 13.5], "texture": "#back"},
				"south": {"uv": [7.5, 9.5, 8.5, 13.5], "texture": "#edge"},
				"west": {"uv": [7, 0.5, 9, 13.5], "texture": "#front"}
			}
		},
		{
			"from": [-0.25, 2.5, 9],
			"to": [3.25, 15.5, 14],
			"faces": {
				"north": {"uv": [12, 0.5, 15.5, 13.5], "texture": "#edge"},
				"east": {"uv": [2, 1, 7, 14], "texture": "#back"},
				"south": {"uv": [0.375, 0.625, 3.875, 13.625], "texture": "#edge"},
				"west": {"uv": [9, 1, 14, 14], "texture": "#front"},
				"up": {"uv": [2.125, 8.375, 5.625, 13.375], "texture": "#edge"},
				"down": {"uv": [3.5, 7.1875, 7, 12.1875], "texture": "#edge"}
			}
		},
		{
			"from": [-0.25, 2.5, 2],
			"to": [3.25, 15.5, 7],
			"faces": {
				"north": {"uv": [12, 0.5, 15.5, 13.5], "texture": "#edge"},
				"east": {"uv": [9, 1, 14, 14], "texture": "#back"},
				"south": {"uv": [0.375, 0.625, 3.875, 13.625], "texture": "#edge"},
				"west": {"uv": [2, 1, 7, 14], "texture": "#front"},
				"up": {"uv": [2.125, 8.375, 5.625, 13.375], "texture": "#edge"},
				"down": {"uv": [3.5, 7.1875, 7, 12.1875], "texture": "#edge"}
			}
		}
	]
}