{
    "__createdwith": "opl's Model Creator",
    "ambientocclusion": false,
    "textures": {
        "texture": "block/powered_rail",
		"particle": "block/powered_rail"
    },
    "elements": [
        {
            "from": [12,8,0],
            "to": [14,9.5,16],
            "rotation": { "origin": [ 8, 9, 8 ], "axis": "x", "angle": -45, "rescale": true}, "faces": {
                "up": {
                    "texture": "#texture"
                },
                "down": {
                    "texture": "#texture"
                },
                "west": {
                    "uv": [3.75,0.25,4,15.75],
                    "texture": "#texture"
                },
                "east": {
                    "uv": [2,0,2.25,16],
                    "texture": "#texture"
                },
                "north": {
                    "uv": [12.25,14.625,13.75,16],
                    "texture": "#texture"
                },
                "south": {
                    "uv": [12.25,14.5,13.75,16],
                    "texture": "#texture"
                }
            }
        },
        {
            "from": [2,8,0],
            "to": [4,9.5,16],
            "rotation": { "origin": [ 8, 9, 8 ], "axis": "x", "angle": -45, "rescale": true}, "faces": {
                "up": {
                    "texture": "#texture"
                },
                "down": {
                    "texture": "#texture"
                },
                "west": {
                    "uv": [2,0,2.25,16],
                    "texture": "#texture"
                },
                "east": {
                    "uv": [3.75,0.25,4,15.75],
                    "texture": "#texture"
                },
                "north": {
                    "uv": [12.25,14.625,13.75,16],
                    "texture": "#texture"
                },
                "south": {
                    "uv": [12.25,14.5,13.75,16],
                    "texture": "#texture"
                }
            }
        },
        {
            "from": [4,8,1],
            "to": [12,9,3],
            "rotation": { "origin": [ 8, 9, 8 ], "axis": "x", "angle": -45, "rescale": true}, "faces": {
                "up": {
                    "texture": "#texture"
                },
                "down": {
                    "texture": "#texture"
                },
                "west": {
                    "uv": [4,13,5,15],
                    "texture": "#texture"
                },
                "east": {
                    "uv": [4,13,5,15],
                    "texture": "#texture"
                },
                "north": {
                    "uv": [4,14,12,15],
                    "texture": "#texture"
                },
                "south": {
                    "uv": [4,13,12,14],
                    "texture": "#texture"
                }
            }
        },
        {
            "from": [4,8,5],
            "to": [12,9,7],
            "rotation": { "origin": [ 8, 9, 8 ], "axis": "x", "angle": -45, "rescale": true}, "faces": {
                "up": {
                    "uv": [4,1,12,3],
                    "texture": "#texture"
                },
                "down": {
                    "texture": "#texture"
                },
                "west": {
                    "uv": [4,13,5,15],
                    "texture": "#texture"
                },
                "east": {
                    "uv": [4,13,5,15],
                    "texture": "#texture"
                },
                "north": {
                    "uv": [4,14,12,15],
                    "texture": "#texture"
                },
                "south": {
                    "uv": [4,13,12,14],
                    "texture": "#texture"
                }
            }
        },
        {
            "from": [4,8,9],
            "to": [12,9,11],
            "rotation": { "origin": [ 8, 9, 8 ], "axis": "x", "angle": -45, "rescale": true}, "faces": {
                "up": {
                    "uv": [4,1,12,3],
                    "texture": "#texture"
                },
                "down": {
                    "texture": "#texture"
                },
                "west": {
                    "uv": [4,13,5,15],
                    "texture": "#texture"
                },
                "east": {
                    "uv": [4,13,5,15],
                    "texture": "#texture"
                },
                "north": {
                    "uv": [4,14,12,15],
                    "texture": "#texture"
                },
                "south": {
                    "uv": [4,13,12,14],
                    "texture": "#texture"
                }
            }
        },
        {
            "from": [4,8,13],
            "to": [12,9,15],
            "rotation": { "origin": [ 8, 9, 8 ], "axis": "x", "angle": -45, "rescale": true}, "faces": {
                "up": {
                    "uv": [4,1,12,3],
                    "texture": "#texture"
                },
                "down": {
                    "texture": "#texture"
                },
                "west": {
                    "uv": [4,13,5,15],
                    "texture": "#texture"
                },
                "east": {
                    "uv": [4,13,5,15],
                    "texture": "#texture"
                },
                "north": {
                    "uv": [4,14,12,15],
                    "texture": "#texture"
                },
                "south": {
                    "uv": [4,13,12,14],
                    "texture": "#texture"
                }
            }
        },
        {
            "from": [1,8,1],
            "to": [2,9,3],
            "rotation": { "origin": [ 8, 9, 8 ], "axis": "x", "angle": -45, "rescale": true}, "faces": {
                "up": {
                    "texture": "#texture"
                },
                "down": {
                    "texture": "#texture"
                },
                "west": {
                    "uv": [7,13,8,15],
                    "texture": "#texture"
                },
                "north": {
                    "uv": [6.5,13,7.5,14],
                    "texture": "#texture"
                },
                "south": {
                    "uv": [6.75,14,7.75,15],
                    "texture": "#texture"
                }
            }
        },
        {
            "from": [14,8,1],
            "to": [15,9,3],
            "rotation": { "origin": [ 8, 9, 8 ], "axis": "x", "angle": -45, "rescale": true}, "faces": {
                "up": {
                    "uv": [1,1,2,3],
                    "texture": "#texture"
                },
                "down": {
                    "texture": "#texture"
                },
                "east": {
                    "uv": [8.5,5,9.5,7],
                    "texture": "#texture"
                },
                "north": {
                    "uv": [8.5,13,9.5,14],
                    "texture": "#texture"
                },
                "south": {
                    "uv": [8.75,14,9.75,15],
                    "texture": "#texture"
                }
            }
        },
        {
            "from": [1,8,5],
            "to": [2,9,7],
            "rotation": { "origin": [ 8, 9, 8 ], "axis": "x", "angle": -45, "rescale": true}, "faces": {
                "up": {
                    "texture": "#texture"
                },
                "down": {
                    "texture": "#texture"
                },
                "west": {
                    "uv": [7,13,8,15],
                    "texture": "#texture"
                },
                "north": {
                    "uv": [6.5,13,7.5,14],
                    "texture": "#texture"
                },
                "south": {
                    "uv": [6.75,14,7.75,15],
                    "texture": "#texture"
                }
            }
        },
        {
            "from": [1,8,9],
            "to": [2,9,11],
            "rotation": { "origin": [ 8, 9, 8 ], "axis": "x", "angle": -45, "rescale": true}, "faces": {
                "up": {
                    "texture": "#texture"
                },
                "down": {
                    "texture": "#texture"
                },
                "west": {
                    "uv": [7,13,8,15],
                    "texture": "#texture"
                },
                "north": {
                    "uv": [6.5,13,7.5,14],
                    "texture": "#texture"
                },
                "south": {
                    "uv": [6.75,14,7.75,15],
                    "texture": "#texture"
                }
            }
        },
        {
            "from": [1,8,13],
            "to": [2,9,15],
            "rotation": { "origin": [ 8, 9, 8 ], "axis": "x", "angle": -45, "rescale": true}, "faces": {
                "up": {
                    "texture": "#texture"
                },
                "down": {
                    "texture": "#texture"
                },
                "west": {
                    "uv": [7,13,8,15],
                    "texture": "#texture"
                },
                "north": {
                    "uv": [6.5,13,7.5,14],
                    "texture": "#texture"
                },
                "south": {
                    "uv": [6.75,14,7.75,15],
                    "texture": "#texture"
                }
            }
        },
        {
            "from": [14,8,5],
            "to": [15,9,7],
            "rotation": { "origin": [ 8, 9, 8 ], "axis": "x", "angle": -45, "rescale": true}, "faces": {
                "up": {
                    "uv": [1,1,2,3],
                    "texture": "#texture"
                },
                "down": {
                    "texture": "#texture"
                },
                "east": {
                    "uv": [8.5,5,9.5,7],
                    "texture": "#texture"
                },
                "north": {
                    "uv": [8.5,13,9.5,14],
                    "texture": "#texture"
                },
                "south": {
                    "uv": [8.75,14,9.75,15],
                    "texture": "#texture"
                }
            }
        },
        {
            "from": [14,8,9],
            "to": [15,9,11],
            "rotation": { "origin": [ 8, 9, 8 ], "axis": "x", "angle": -45, "rescale": true}, "faces": {
                "up": {
                    "uv": [1,1,2,3],
                    "texture": "#texture"
                },
                "down": {
                    "texture": "#texture"
                },
                "east": {
                    "uv": [8.5,5,9.5,7],
                    "texture": "#texture"
                },
                "north": {
                    "uv": [8.5,13,9.5,14],
                    "texture": "#texture"
                },
                "south": {
                    "uv": [8.75,14,9.75,15],
                    "texture": "#texture"
                }
            }
        },
        {
            "from": [14,8,13],
            "to": [15,9,15],
            "rotation": { "origin": [ 8, 9, 8 ], "axis": "x", "angle": -45, "rescale": true}, "faces": {
                "up": {
                    "uv": [1,1,2,3],
                    "texture": "#texture"
                },
                "down": {
                    "texture": "#texture"
                },
                "east": {
                    "uv": [8.5,5,9.5,7],
                    "texture": "#texture"
                },
                "north": {
                    "uv": [8.5,13,9.5,14],
                    "texture": "#texture"
                },
                "south": {
                    "uv": [8.75,14,9.75,15],
                    "texture": "#texture"
                }
            }
        },
        {
            "from": [11,8,0],
            "to": [12,9.25,16],
            "rotation": { "origin": [ 8, 9, 8 ], "axis": "x", "angle": -45, "rescale": true}, "faces": {
                "up": {
                    "texture": "#texture"
                },
                "down": {
                    "texture": "#texture"
                },
                "west": {
                    "uv": [11,0,12,16],
                    "texture": "#texture",
                    "rotation": 90
                },
                "north": {
                    "uv": [11,0,12,1.25],
                    "texture": "#texture"
                },
                "south": {
                    "texture": "#texture"
                }
            }
        },
        {
            "from": [4,8,0],
            "to": [5,9.25,16],
            "rotation": { "origin": [ 8, 9, 8 ], "axis": "x", "angle": -45, "rescale": true}, "faces": {
                "up": {
                    "texture": "#texture"
                },
                "down": {
                    "texture": "#texture"
                },
                "east": {
                    "uv": [4,0,5,16],
                    "texture": "#texture"
                },
                "north": {
                    "uv": [4,0,5,1.25],
                    "texture": "#texture"
                },
                "south": {
                    "texture": "#texture"
                }
            }
        },
        {
            "from": [7,8,3],
            "to": [9,8.75,5],
            "rotation": { "origin": [ 8, 9, 8 ], "axis": "x", "angle": -45, "rescale": true}, "faces": {
                "up": {
                    "texture": "#texture"
                },
                "down": {
                    "texture": "#texture"
                },
                "west": {
                    "uv": [7,12.25,9,13],
                    "texture": "#texture"
                },
                "east": {
                    "uv": [7,4.25,9,5],
                    "texture": "#texture"
                }
            }
        },
        {
            "from": [7,8,7],
            "to": [9,8.75,9],
            "rotation": { "origin": [ 8, 9, 8 ], "axis": "x", "angle": -45, "rescale": true}, "faces": {
                "up": {
                    "uv": [7,3,9,5],
                    "texture": "#texture"
                },
                "down": {
                    "texture": "#texture"
                },
                "west": {
                    "uv": [7,12.25,9,13],
                    "texture": "#texture"
                },
                "east": {
                    "uv": [7,4.25,9,5],
                    "texture": "#texture"
                }
            }
        },
        {
            "from": [7,8,11],
            "to": [9,8.75,13],
            "rotation": { "origin": [ 8, 9, 8 ], "axis": "x", "angle": -45, "rescale": true}, "faces": {
                "up": {
                    "uv": [7,3,9,5],
                    "texture": "#texture"
                },
                "down": {
                    "texture": "#texture"
                },
                "west": {
                    "uv": [7,12.25,9,13],
                    "texture": "#texture"
                },
                "east": {
                    "uv": [7,4.25,9,5],
                    "texture": "#texture"
                }
            }
        }
    ]
}
