{
	"credit": "Made with Blockbench",
	"ambientocclusion": false,
	"textures": {
		"3": "block/spruce_door_bottom",
		"4": "block/spruce_door_bottom-rh",
		"5": "block/spruce_door-edge",
		"particle": "block/spruce_door_bottom"
	},
	"elements": [
		{
			"name": "inner",
			"from": [0.25, 0.25, 3.5],
			"to": [2.75, 16, 12],
			"faces": {
				"east": {"uv": [4, 0, 12.5, 15.75], "texture": "#4"},
				"west": {"uv": [3.5, 0, 12, 15.75], "texture": "#3"},
				"down": {"uv": [3.5, 5.5, 12, 8], "rotation": 90, "texture": "#3"}
			}
		},
		{
			"from": [0, 0, 0],
			"to": [3, 16, 3.5],
			"faces": {
				"north": {"uv": [15.5, 0, 16, 15.75], "texture": "#5"},
				"east": {"uv": [12.5, 0, 16, 16], "texture": "#4"},
				"south": {"uv": [13.5, 0, 15.75, 15.75], "texture": "#5"},
				"west": {"uv": [0, 0, 3.5, 16], "texture": "#3"},
				"down": {"uv": [0.5, 14, 3, 16], "texture": "#5"}
			}
		},
		{
			"from": [0, 0, 4],
			"to": [3, 16, 7.5],
			"faces": {
				"north": {"uv": [15.5, 0, 16, 15.75], "texture": "#5"},
				"east": {"uv": [8.5, 0, 12, 16], "texture": "#4"},
				"south": {"uv": [13.5, 0, 15.75, 15.75], "texture": "#5"},
				"west": {"uv": [4, 0, 7.5, 16], "texture": "#3"},
				"down": {"uv": [0.5, 14, 3, 16], "texture": "#5"}
			}
		},
		{
			"from": [0, 0, 8],
			"to": [3, 16, 11.5],
			"faces": {
				"north": {"uv": [15.5, 0, 16, 15.75], "texture": "#5"},
				"east": {"uv": [4.5, 0, 8, 16], "texture": "#4"},
				"south": {"uv": [13.5, 0, 15.75, 15.75], "texture": "#5"},
				"west": {"uv": [8, 0, 11.5, 16], "texture": "#3"},
				"down": {"uv": [0.5, 14, 3, 16], "texture": "#5"}
			}
		},
		{
			"from": [0, 0, 12],
			"to": [3, 16, 16],
			"faces": {
				"north": {"uv": [15.5, 0, 16, 15.75], "texture": "#5"},
				"east": {"uv": [0, 0, 4, 16], "texture": "#4"},
				"south": {"uv": [13.5, 0, 15.75, 15.75], "texture": "#5"},
				"west": {"uv": [12, 0, 16, 16], "texture": "#3"},
				"down": {"uv": [0.5, 14, 3, 16], "texture": "#5"}
			}
		},
		{
			"name": "top",
			"from": [-1, 15.25, 11.25],
			"to": [4, 16, 12.75],
			"rotation": {"angle": 0, "axis": "y", "origin": [6, 18, 18]},
			"faces": {
				"north": {"uv": [10, 1.25, 10.75, 2.75], "texture": "#3"},
				"east": {"uv": [3.25, 0, 4.75, 0.75], "texture": "#4"},
				"south": {"uv": [12.5, 0, 12.75, 0.75], "texture": "#3"},
				"west": {"uv": [11.25, 0, 12.75, 0.75], "texture": "#3"},
				"up": {"uv": [2, 1.25, 6, 1.5], "texture": "#4"},
				"down": {"uv": [2, 2.5, 6, 2.75], "texture": "#4"}
			}
		},
		{
			"name": "top-top-right",
			"from": [-1, 15, 12.5],
			"to": [4, 15.75, 13.25],
			"rotation": {"angle": 0, "axis": "y", "origin": [6, 22, 21]},
			"faces": {
				"north": {"uv": [10, 1.25, 10.75, 2.75], "texture": "#3"},
				"east": {"uv": [2.75, 0.25, 3.5, 1], "texture": "#4"},
				"south": {"uv": [12.5, 0.25, 13.25, 1], "texture": "#3"},
				"west": {"uv": [12.5, 0.25, 13.25, 1], "texture": "#3"},
				"up": {"uv": [2, 1.25, 6, 1.5], "texture": "#4"},
				"down": {"uv": [2, 1.25, 6, 1.5], "texture": "#4"}
			}
		},
		{
			"name": "top-right",
			"from": [-1, 15.25, 13.25],
			"to": [4, 15.5, 13.5],
			"rotation": {"angle": 0, "axis": "y", "origin": [6, 22, 22]},
			"faces": {
				"east": {"uv": [2.5, 0.5, 2.75, 0.75], "texture": "#4"},
				"south": {"uv": [13.25, 0.5, 13.5, 0.75], "texture": "#3"},
				"west": {"uv": [13.25, 0.5, 13.5, 0.75], "texture": "#3"},
				"up": {"uv": [5.5, 0.75, 5.75, 1], "texture": "#4"}
			}
		},
		{
			"name": "right-top-right",
			"from": [-1, 14.5, 13],
			"to": [4, 15.25, 13.75],
			"rotation": {"angle": 0, "axis": "y", "origin": [6, 22, 22]},
			"faces": {
				"north": {"uv": [10, 1.25, 10.75, 2.75], "texture": "#3"},
				"east": {"uv": [2.25, 0.75, 3, 1.5], "texture": "#4"},
				"south": {"uv": [13, 0.75, 13.75, 1.5], "texture": "#3"},
				"west": {"uv": [13, 0.75, 13.75, 1.5], "texture": "#3"},
				"up": {"uv": [2, 1.25, 6, 1.5], "texture": "#4"},
				"down": {"uv": [2, 1.25, 6, 1.5], "texture": "#4"}
			}
		},
		{
			"name": "right",
			"from": [-1, 13.25, 13.25],
			"to": [4, 14.75, 14],
			"rotation": {"angle": 0, "axis": "y", "origin": [6, 21, 21]},
			"faces": {
				"north": {"uv": [10, 1.25, 10.75, 2.75], "texture": "#3"},
				"east": {"uv": [2, 1.25, 2.75, 2.75], "texture": "#4"},
				"south": {"uv": [10, 1.25, 10.75, 2.75], "texture": "#3"},
				"west": {"uv": [13.25, 1.25, 14, 2.75], "texture": "#3"},
				"up": {"uv": [2, 1.25, 6, 1.5], "texture": "#4"},
				"down": {"uv": [2, 2.5, 6, 2.75], "texture": "#4"}
			}
		},
		{
			"name": "right-bottom-right",
			"from": [-1, 12.75, 13],
			"to": [4, 13.5, 13.75],
			"rotation": {"angle": 0, "axis": "y", "origin": [6, 20, 22]},
			"faces": {
				"north": {"uv": [10, 1.25, 10.75, 2.75], "texture": "#3"},
				"east": {"uv": [2.25, 2.5, 3, 3.25], "texture": "#4"},
				"south": {"uv": [10, 1.25, 10.75, 2.75], "texture": "#3"},
				"west": {"uv": [13, 2.5, 13.75, 3.25], "texture": "#3"},
				"up": {"uv": [2, 1.25, 6, 1.5], "texture": "#4"},
				"down": {"uv": [2, 1.25, 6, 1.5], "texture": "#4"}
			}
		},
		{
			"name": "bottom-right",
			"from": [-1, 12.5, 13.25],
			"to": [4, 12.75, 13.5],
			"rotation": {"angle": 0, "axis": "y", "origin": [6, 19, 22]},
			"faces": {
				"east": {"uv": [2.5, 3.25, 2.75, 3.5], "texture": "#4"},
				"south": {"uv": [13.25, 3.25, 13.5, 3.5], "texture": "#3"},
				"west": {"uv": [13.25, 3.25, 13.5, 3.5], "texture": "#3"},
				"down": {"uv": [13.25, 3.25, 13.5, 3.5], "texture": "#3"}
			}
		},
		{
			"name": "bottom-bottom-right",
			"from": [-1, 12.25, 12.5],
			"to": [4, 13, 13.25],
			"rotation": {"angle": 0, "axis": "y", "origin": [6, 19, 21]},
			"faces": {
				"north": {"uv": [10, 1.25, 10.75, 2.75], "texture": "#3"},
				"east": {"uv": [2.75, 3, 3.5, 3.75], "texture": "#4"},
				"south": {"uv": [10, 1.25, 10.75, 2.75], "texture": "#3"},
				"west": {"uv": [12.5, 3, 13.25, 3.75], "texture": "#3"},
				"up": {"uv": [2, 1.25, 6, 1.5], "texture": "#4"},
				"down": {"uv": [2, 1.25, 6, 1.5], "texture": "#4"}
			}
		},
		{
			"name": "bottom",
			"from": [-1, 12, 11.25],
			"to": [4, 12.75, 12.75],
			"rotation": {"angle": 0, "axis": "y", "origin": [6, 15, 18]},
			"faces": {
				"north": {"uv": [10, 1.25, 10.75, 2.75], "texture": "#3"},
				"east": {"uv": [3.25, 3.25, 4.75, 4], "texture": "#4"},
				"south": {"uv": [10, 1.25, 10.75, 2.75], "texture": "#3"},
				"west": {"uv": [11.25, 3.25, 12.75, 4], "texture": "#3"},
				"up": {"uv": [2, 1.25, 6, 1.5], "texture": "#4"},
				"down": {"uv": [2, 2.5, 6, 2.75], "texture": "#4"}
			}
		},
		{
			"name": "bottom-bottom-left",
			"from": [-1, 12.25, 10.75],
			"to": [4, 13, 11.5],
			"rotation": {"angle": 0, "axis": "y", "origin": [6, 19, 19]},
			"faces": {
				"north": {"uv": [10, 1.25, 10.75, 2.75], "texture": "#3"},
				"east": {"uv": [4.5, 3, 5.25, 3.75], "texture": "#4"},
				"south": {"uv": [10, 1.25, 10.75, 2.75], "texture": "#3"},
				"west": {"uv": [10.75, 3, 11.5, 3.75], "texture": "#3"},
				"up": {"uv": [2, 1.25, 6, 1.5], "texture": "#4"},
				"down": {"uv": [2, 1.25, 6, 1.5], "texture": "#4"}
			}
		},
		{
			"name": "bottom-left",
			"from": [-1, 12.5, 10.5],
			"to": [4, 12.75, 10.75],
			"rotation": {"angle": 0, "axis": "y", "origin": [6, 19, 19]},
			"faces": {
				"north": {"uv": [10.5, 3.25, 10.75, 3.5], "texture": "#3"},
				"east": {"uv": [5.25, 3.25, 5.5, 3.5], "texture": "#4"},
				"west": {"uv": [10.5, 3.25, 10.75, 3.5], "texture": "#3"},
				"down": {"uv": [10.5, 3.25, 10.75, 3.5], "texture": "#3"}
			}
		},
		{
			"name": "left-bottom-left",
			"from": [-1, 12.75, 10.25],
			"to": [4, 13.5, 11],
			"rotation": {"angle": 0, "axis": "y", "origin": [6, 20, 19]},
			"faces": {
				"north": {"uv": [2.25, 2.5, 5.75, 3.25], "texture": "#4"},
				"east": {"uv": [5, 2.5, 5.75, 3.25], "texture": "#4"},
				"south": {"uv": [10.25, 2.5, 13.75, 3], "texture": "#3"},
				"west": {"uv": [10.25, 2.5, 11, 3.25], "texture": "#3"},
				"up": {"uv": [2, 2.5, 6, 2.75], "texture": "#4"},
				"down": {"uv": [2, 1.25, 6, 1.5], "texture": "#4"}
			}
		},
		{
			"name": "left",
			"from": [-1, 13.25, 10],
			"to": [4, 14.75, 10.75],
			"rotation": {"angle": 0, "axis": "y", "origin": [6, 21, 18]},
			"faces": {
				"north": {"uv": [10, 1.25, 10.75, 2.75], "texture": "#3"},
				"east": {"uv": [5.25, 1.25, 6, 2.75], "texture": "#4"},
				"south": {"uv": [10, 1.25, 10.75, 2.75], "texture": "#3"},
				"west": {"uv": [10, 1.25, 10.75, 2.75], "texture": "#3"},
				"up": {"uv": [2, 1.25, 6, 1.5], "texture": "#4"},
				"down": {"uv": [2, 2.5, 6, 2.75], "texture": "#4"}
			}
		},
		{
			"name": "left-top-left",
			"from": [-1, 14.5, 10.25],
			"to": [4, 15.25, 11],
			"rotation": {"angle": 0, "axis": "y", "origin": [6, 22, 19]},
			"faces": {
				"north": {"uv": [10, 1.25, 10.75, 2.75], "texture": "#3"},
				"east": {"uv": [5, 0.75, 5.75, 1.5], "texture": "#4"},
				"south": {"uv": [10, 1.25, 10.75, 2.75], "texture": "#3"},
				"west": {"uv": [10.25, 0.75, 11, 1.5], "texture": "#3"},
				"up": {"uv": [2, 1.25, 6, 1.5], "texture": "#4"},
				"down": {"uv": [2, 1.25, 6, 1.5], "texture": "#4"}
			}
		},
		{
			"name": "top-left",
			"from": [-1, 15.25, 10.5],
			"to": [4, 15.5, 10.75],
			"rotation": {"angle": 0, "axis": "y", "origin": [6, 22, 19]},
			"faces": {
				"north": {"uv": [10.5, 0.5, 10.75, 0.75], "texture": "#3"},
				"east": {"uv": [5.25, 0.5, 5.5, 0.75], "texture": "#4"},
				"west": {"uv": [10.5, 0.5, 10.75, 0.75], "texture": "#3"},
				"up": {"uv": [10.5, 0.5, 10.75, 0.75], "texture": "#3"}
			}
		},
		{
			"name": "top-top-left",
			"from": [-1, 15, 10.75],
			"to": [4, 15.75, 11.5],
			"rotation": {"angle": 0, "axis": "y", "origin": [6, 22, 19]},
			"faces": {
				"north": {"uv": [10, 1.25, 10.75, 2.75], "texture": "#3"},
				"east": {"uv": [4.5, 0.25, 5.25, 1], "texture": "#4"},
				"south": {"uv": [10, 1.25, 10.75, 2.75], "texture": "#3"},
				"west": {"uv": [10.75, 0.25, 11.5, 1], "texture": "#3"},
				"up": {"uv": [2, 1.25, 6, 1.5], "texture": "#4"},
				"down": {"uv": [2, 1.25, 6, 1.5], "texture": "#4"}
			}
		}
	],
	"groups": [0, 1, 2, 3, 4,
		{
			"name": "handle",
			"origin": [6, 21, 18],
			"children": [5, 6, 7, 8, 9, 10, 11, 12, 13, 14, 15, 16, 17, 18, 19, 20]
		}
	]
}