{
	"credit": "Made with Blockbench",
	"ambientocclusion": false,
	"textures": {
		"3": "block/spruce_door-edge",
		"4": "block/spruce_door_top",
		"5": "block/spruce_door_top-rh",
		"particle": "block/spruce_door_top"
	},
	"elements": [
		{
			"name": "inner",
			"from": [0.25, 0, 3.5],
			"to": [2.75, 15.75, 12],
			"faces": {
				"east": {"uv": [4, 0.25, 12.5, 16], "texture": "#5"},
				"west": {"uv": [3.5, 0.25, 12, 16], "texture": "#4", "cullface": "west"},
				"up": {"uv": [3.5, 7.75, 12, 10.25], "rotation": 90, "texture": "#4"}
			}
		},
		{
			"from": [0, 0, 0],
			"to": [3, 16, 3.5],
			"faces": {
				"north": {"uv": [15.5, 0, 13, 16], "texture": "#3"},
				"east": {"uv": [12.5, 0, 16, 16], "texture": "#5"},
				"south": {"uv": [13.25, 0, 15.5, 16], "texture": "#3"},
				"west": {"uv": [0, 0, 3.5, 16], "texture": "#4", "cullface": "west"},
				"up": {"uv": [0, 8.25, 3.5, 10.25], "rotation": 90, "texture": "#4"}
			}
		},
		{
			"from": [0, 0, 4],
			"to": [3, 16, 7.5],
			"faces": {
				"north": {"uv": [15.5, 0, 13, 16], "texture": "#3"},
				"east": {"uv": [8.5, 0, 12, 16], "texture": "#5"},
				"south": {"uv": [13.25, 0, 15.5, 16], "texture": "#3"},
				"west": {"uv": [4, 0, 7.5, 16], "texture": "#4", "cullface": "west"},
				"up": {"uv": [4, 8.25, 7.5, 10.25], "rotation": 90, "texture": "#4"}
			}
		},
		{
			"from": [0, 0, 8],
			"to": [3, 16, 11.5],
			"faces": {
				"north": {"uv": [15.5, 0, 13, 16], "texture": "#3"},
				"east": {"uv": [4.5, 0, 8, 16], "texture": "#5"},
				"south": {"uv": [13.25, 0, 15.5, 16], "texture": "#3"},
				"west": {"uv": [8, 0, 11.5, 16], "texture": "#4", "cullface": "west"},
				"up": {"uv": [8, 8.25, 11.5, 10.25], "rotation": 90, "texture": "#4"}
			}
		},
		{
			"from": [0, 0, 12],
			"to": [3, 16, 16],
			"faces": {
				"north": {"uv": [15.5, 0, 13, 16], "texture": "#3"},
				"east": {"uv": [0, 0, 4, 16], "texture": "#5"},
				"south": {"uv": [13, 0, 15.5, 16], "texture": "#3"},
				"west": {"uv": [12, 0, 16, 16], "texture": "#4", "cullface": "west"},
				"up": {"uv": [12, 8, 16, 10], "rotation": 90, "texture": "#4"}
			}
		}
	]
}