{
	"credit": "Made with Blockbench",
	"ambientocclusion": false,
	"textures": {
		"6": "block/warped_door_bottom",
		"7": "block/warped_door_bottom-rh",
		"8": "block/warped_door-edge",
		"particle": "block/warped_door_bottom"
	},
	"elements": [
		{
			"name": "inner",
			"from": [0.25, 0.25, 3.75],
			"to": [2.75, 16, 12.25],
			"faces": {
				"east": {"uv": [3.75, 0, 12.25, 15.75], "texture": "#7"},
				"west": {"uv": [3.75, 0, 12.25, 15.75], "texture": "#6"},
				"down": {"uv": [3.75, 2.25, 12.25, 4.75], "rotation": 90, "texture": "#6"}
			}
		},
		{
			"from": [0, 0, 0],
			"to": [3, 16, 3.75],
			"faces": {
				"north": {"uv": [12.5, 0, 15.5, 16], "texture": "#8"},
				"east": {"uv": [12.25, 0, 16, 16], "texture": "#7"},
				"south": {"uv": [12.5, 0, 15.5, 16], "texture": "#8"},
				"west": {"uv": [0, 0, 3.75, 16], "texture": "#6"},
				"down": {"uv": [0.5, 0.25, 3.5, 4], "texture": "#8"}
			}
		},
		{
			"from": [0, 0, 4.25],
			"to": [3, 16, 7.75],
			"faces": {
				"north": {"uv": [12.25, 0, 15.75, 16], "texture": "#8"},
				"east": {"uv": [8.25, 0, 11.75, 16], "texture": "#7"},
				"south": {"uv": [12.25, 0, 15.75, 16], "texture": "#8"},
				"west": {"uv": [4.25, 0, 7.75, 16], "texture": "#6"},
				"down": {"uv": [0.5, 3.75, 3.5, 7.25], "texture": "#8"}
			}
		},
		{
			"from": [0, 0, 8.25],
			"to": [3, 16, 11.75],
			"faces": {
				"north": {"uv": [12.5, 0, 15.5, 16], "texture": "#8"},
				"east": {"uv": [4.25, 0, 7.75, 16], "texture": "#7"},
				"south": {"uv": [12.5, 0, 15.5, 16], "texture": "#8"},
				"west": {"uv": [8.25, 0, 11.75, 16], "texture": "#6"},
				"down": {"uv": [0.5, 7.25, 3.5, 10.75], "texture": "#8"}
			}
		},
		{
			"from": [0, 0, 12.25],
			"to": [3, 16, 16],
			"faces": {
				"north": {"uv": [12.5, 0, 15.5, 16], "texture": "#8"},
				"east": {"uv": [0, 0, 3.75, 16], "texture": "#7"},
				"south": {"uv": [12.5, 0, 15.5, 16], "texture": "#8"},
				"west": {"uv": [12.25, 0, 16, 16], "texture": "#6"},
				"down": {"uv": [0.5, 12, 3.5, 15.75], "texture": "#8"}
			}
		}
	]
}